	ensg	gene_name_v99	ensg_v99
12	ENSG00000049249	TNFRSF9	ENSG00000049249.8
46	ENSG00000120949	TNFRSF8	ENSG00000120949.15
60	ENSG00000142606	MMEL1	ENSG00000142606.16
65	ENSG00000149527	PLCH2	ENSG00000149527.18
74	ENSG00000158286	RNF207	ENSG00000158286.13
84	ENSG00000162444	RBP7	ENSG00000162444.12
85	ENSG00000162490	DRAXIN	ENSG00000162490.7
96	ENSG00000169717	ACTRT2	ENSG00000169717.7
101	ENSG00000171608	PIK3CD	ENSG00000171608.16
116	ENSG00000175756	AURKAIP1	ENSG00000175756.13
144	ENSG00000188157	AGRN	ENSG00000188157.15
158	ENSG00000198793	MTOR	ENSG00000198793.13
500	ENSG00000001460	STPG1	ENSG00000001460.18
511	ENSG00000053371	AKR7A2	ENSG00000053371.12
512	ENSG00000053372	MRTO4	ENSG00000053372.5
523	ENSG00000077549	CAPZB	ENSG00000077549.18
538	ENSG00000117122	MFAP2	ENSG00000117122.14
540	ENSG00000117154	IGSF21	ENSG00000117154.12
543	ENSG00000117245	KIF17	ENSG00000117245.12
554	ENSG00000117676	RPS6KA1	ENSG00000117676.14
564	ENSG00000126705	AHDC1	ENSG00000126705.15
572	ENSG00000130766	SESN2	ENSG00000130766.5
588	ENSG00000142632	ARHGEF19	ENSG00000142632.17
600	ENSG00000142784	WDTC1	ENSG00000142784.16
616	ENSG00000158747	NBL1	ENSG00000158747.14
620	ENSG00000158816	VWA5B1	ENSG00000158816.15
630	ENSG00000162438	CTRC	ENSG00000162438.12
648	ENSG00000173372	C1QA	ENSG00000173372.17
651	ENSG00000174950	CD164L2	ENSG00000174950.11
653	ENSG00000175707	KDF1	ENSG00000175707.9
663	ENSG00000179163	FUCA1	ENSG00000179163.11
683	ENSG00000187010	RHD	ENSG00000187010.21
688	ENSG00000188060	RAB42	ENSG00000188060.7
697	ENSG00000197245	FAM110D	ENSG00000197245.6
1003	ENSG00000044012	GUCA2B	ENSG00000044012.4
1010	ENSG00000066056	TIE1	ENSG00000066056.14
1029	ENSG00000116478	HDAC1	ENSG00000116478.12
1048	ENSG00000117013	KCNQ4	ENSG00000117013.17
1049	ENSG00000117016	RIMS3	ENSG00000117016.10
1050	ENSG00000117385	P3H1	ENSG00000117385.16
1051	ENSG00000117394	SLC2A1	ENSG00000117394.23
1066	ENSG00000121766	ZCCHC17	ENSG00000121766.15
1078	ENSG00000126106	TMEM53	ENSG00000126106.14
1083	ENSG00000127603	MACF1	ENSG00000127603.28
1087	ENSG00000131238	PPT1	ENSG00000131238.17
1111	ENSG00000158315	RHBDL2	ENSG00000158315.11
1133	ENSG00000163873	GRIK3	ENSG00000163873.10
1153	ENSG00000173846	PLK3	ENSG00000173846.13
1165	ENSG00000182866	LCK	ENSG00000182866.17
1181	ENSG00000187513	GJA4	ENSG00000187513.9
1184	ENSG00000188396	TCTEX1D4	ENSG00000188396.3
1189	ENSG00000189433	GJB4	ENSG00000189433.7
1239	ENSG00000214193	SH3D21	ENSG00000214193.11
1504	ENSG00000066557	LRRC40	ENSG00000066557.6
1538	ENSG00000117834	SLC5A9	ENSG00000117834.12
1543	ENSG00000121310	ECHDC2	ENSG00000121310.17
1545	ENSG00000123091	RNF11	ENSG00000123091.5
1577	ENSG00000159592	GPBP1L1	ENSG00000159592.11
1583	ENSG00000162368	CMPK1	ENSG00000162368.13
1586	ENSG00000162377	COA7	ENSG00000162377.6
1598	ENSG00000162409	PRKAA2	ENSG00000162409.11
1600	ENSG00000162434	JAK1	ENSG00000162434.13
1610	ENSG00000162607	USP1	ENSG00000162607.13
1615	ENSG00000172410	INSL5	ENSG00000172410.4
1618	ENSG00000173660	UQCRH	ENSG00000173660.12
1627	ENSG00000184588	PDE4B	ENSG00000184588.18
1630	ENSG00000185483	ROR1	ENSG00000185483.12
1644	ENSG00000198160	MIER1	ENSG00000198160.14
2009	ENSG00000097046	CDC7	ENSG00000097046.13
2020	ENSG00000117174	ZNHIT6	ENSG00000117174.11
2026	ENSG00000117525	F3	ENSG00000117525.14
2045	ENSG00000137936	BCAR3	ENSG00000137936.18
2049	ENSG00000137947	GTF2B	ENSG00000137947.12
2050	ENSG00000137948	BRDT	ENSG00000137948.18
2053	ENSG00000137960	GIPC2	ENSG00000137960.6
2059	ENSG00000137976	DNASE2B	ENSG00000137976.7
2066	ENSG00000143013	LMO4	ENSG00000143013.13
2068	ENSG00000143033	MTF2	ENSG00000143033.18
2074	ENSG00000153936	HS2ST1	ENSG00000153936.17
2076	ENSG00000154027	AK5	ENSG00000154027.19
2081	ENSG00000156876	SASS6	ENSG00000156876.10
2083	ENSG00000162614	NEXN	ENSG00000162614.18
2090	ENSG00000162627	SNX7	ENSG00000162627.17
2093	ENSG00000162645	GBP2	ENSG00000162645.13
2100	ENSG00000162694	EXTL2	ENSG00000162694.14
2112	ENSG00000174021	GNG5	ENSG00000174021.11
2494	ENSG00000007341	ST7L	ENSG00000007341.19
2495	ENSG00000009307	CSDE1	ENSG00000009307.16
2502	ENSG00000081019	RSBN1	ENSG00000081019.13
2504	ENSG00000085433	WDR47	ENSG00000085433.15
2508	ENSG00000092621	PHGDH	ENSG00000092621.12
2513	ENSG00000116455	WDR77	ENSG00000116455.14
2515	ENSG00000116473	RAP1A	ENSG00000116473.14
2519	ENSG00000116774	OLFML3	ENSG00000116774.12
2525	ENSG00000116882	HAO2	ENSG00000116882.14
2557	ENSG00000134253	TRIM45	ENSG00000134253.10
2565	ENSG00000143067	ZNF697	ENSG00000143067.5
2573	ENSG00000143125	PROK1	ENSG00000143125.6
2585	ENSG00000162636	FAM102B	ENSG00000162636.16
2596	ENSG00000168679	SLC16A4	ENSG00000168679.18
2599	ENSG00000171385	KCND3	ENSG00000171385.9
2614	ENSG00000181754	AMIGO1	ENSG00000181754.7
2621	ENSG00000186364	NUDT17	ENSG00000186364.12
2640	ENSG00000198890	PRMT6	ENSG00000198890.9
2684	ENSG00000221986	MYBPHL	ENSG00000221986.7
3015	ENSG00000132718	SYT11	ENSG00000132718.9
3028	ENSG00000143384	MCL1	ENSG00000143384.13
3039	ENSG00000143434	SEMA6C	ENSG00000143434.15
3040	ENSG00000143436	MRPL9	ENSG00000143436.11
3041	ENSG00000143437	ARNT	ENSG00000143437.21
3051	ENSG00000143537	ADAM15	ENSG00000143537.13
3054	ENSG00000143546	S100A8	ENSG00000143546.10
3057	ENSG00000143553	SNAPIN	ENSG00000143553.11
3066	ENSG00000143603	KCNN3	ENSG00000143603.19
3070	ENSG00000143622	RIT1	ENSG00000143622.11
3074	ENSG00000143631	FLG	ENSG00000143631.11
3077	ENSG00000159208	CIART	ENSG00000159208.16
3086	ENSG00000160678	S100A1	ENSG00000160678.11
3088	ENSG00000160685	ZBTB7B	ENSG00000160685.13
3104	ENSG00000160803	UBQLN4	ENSG00000160803.8
3131	ENSG00000163354	DCST2	ENSG00000163354.15
3133	ENSG00000163374	YY1AP1	ENSG00000163374.19
3176	ENSG00000186226	LCE1E	ENSG00000186226.9
3186	ENSG00000188643	S100A16	ENSG00000188643.11
3187	ENSG00000189030	VHLL	ENSG00000189030.9
3190	ENSG00000196154	S100A4	ENSG00000196154.12
3191	ENSG00000196189	SEMA4A	ENSG00000196189.13
3201	ENSG00000197915	HRNR	ENSG00000197915.6
3205	ENSG00000198837	DENND4B	ENSG00000198837.10
3223	ENSG00000203782	LOR	ENSG00000203782.6
3367	ENSG00000244057	LCE3C	ENSG00000244057.4
3510	ENSG00000094963	FMO2	ENSG00000094963.14
3513	ENSG00000117036	ETV3	ENSG00000117036.12
3514	ENSG00000117090	SLAMF1	ENSG00000117090.15
3521	ENSG00000117501	MROH9	ENSG00000117501.14
3525	ENSG00000117560	FASLG	ENSG00000117560.8
3527	ENSG00000117592	PRDX6	ENSG00000117592.9
3540	ENSG00000132688	NES	ENSG00000132688.11
3545	ENSG00000132703	APCS	ENSG00000132703.4
3557	ENSG00000143162	CREG1	ENSG00000143162.9
3561	ENSG00000143178	TBX19	ENSG00000143178.13
3571	ENSG00000143199	ADCY10	ENSG00000143199.18
3573	ENSG00000143222	UFC1	ENSG00000143222.12
3575	ENSG00000143226	FCGR2A	ENSG00000143226.14
3578	ENSG00000143248	RGS5	ENSG00000143248.13
3587	ENSG00000143315	PIGM	ENSG00000143315.8
3605	ENSG00000158769	F11R	ENSG00000158769.18
3616	ENSG00000160838	LRRC71	ENSG00000160838.14
3635	ENSG00000163518	FCRL4	ENSG00000163518.11
3641	ENSG00000163568	AIM2	ENSG00000163568.15
3660	ENSG00000184155	OR10J5	ENSG00000184155.8
3662	ENSG00000185630	PBX1	ENSG00000185630.18
3667	ENSG00000187800	PEAR1	ENSG00000187800.13
3669	ENSG00000188340	OR6N2	ENSG00000188340.2
3681	ENSG00000198400	NTRK1	ENSG00000198400.11
3690	ENSG00000198967	OR10Z1	ENSG00000198967.4
4014	ENSG00000116260	QSOX1	ENSG00000116260.17
4017	ENSG00000116668	SWT1	ENSG00000116668.13
4026	ENSG00000116750	UCHL5	ENSG00000116750.13
4046	ENSG00000122180	MYOG	ENSG00000122180.5
4057	ENSG00000134376	CRB1	ENSG00000134376.16
4065	ENSG00000135837	CEP350	ENSG00000135837.16
4070	ENSG00000143278	F13B	ENSG00000143278.4
4073	ENSG00000143333	RGS16	ENSG00000143333.7
4074	ENSG00000143337	TOR1AIP1	ENSG00000143337.18
4075	ENSG00000143340	FAM163A	ENSG00000143340.6
4083	ENSG00000143850	PLEKHA6	ENSG00000143850.16
4091	ENSG00000152092	ASTN1	ENSG00000152092.16
4098	ENSG00000159176	CSRP1	ENSG00000159176.14
4104	ENSG00000162687	KCNT2	ENSG00000162687.18
4107	ENSG00000162779	AXDND1	ENSG00000162779.22
4133	ENSG00000186283	TOR3A	ENSG00000186283.14
4135	ENSG00000188770	OPTC	ENSG00000188770.10
4137	ENSG00000198216	CACNA1E	ENSG00000198216.12
4179	ENSG00000213047	DENND1B	ENSG00000213047.13
4489	ENSG00000008118	CAMK1G	ENSG00000008118.10
4498	ENSG00000076356	PLXNA2	ENSG00000076356.7
4499	ENSG00000081692	JMJD4	ENSG00000081692.12
4520	ENSG00000117791	MARC2	ENSG00000117791.16
4531	ENSG00000133069	TMCC2	ENSG00000133069.17
4541	ENSG00000143476	DTL	ENSG00000143476.18
4561	ENSG00000143772	ITPKB	ENSG00000143772.9
4562	ENSG00000143774	GUK1	ENSG00000143774.16
4566	ENSG00000143799	PARP1	ENSG00000143799.13
4581	ENSG00000158711	ELK4	ENSG00000158711.14
4596	ENSG00000162892	IL24	ENSG00000162892.16
4614	ENSG00000174606	ANGEL2	ENSG00000174606.14
4624	ENSG00000185155	MIXL1	ENSG00000185155.11
4628	ENSG00000185842	DNAH14	ENSG00000185842.15
4640	ENSG00000196660	SLC30A10	ENSG00000196660.10
4646	ENSG00000198570	RD3	ENSG00000198570.5
4647	ENSG00000198625	MDM4	ENSG00000198625.13
4648	ENSG00000198835	GJC2	ENSG00000198835.4
4866	ENSG00000243709	LEFTY1	ENSG00000243709.1
4987	ENSG00000010072	SPRTN	ENSG00000010072.16
4991	ENSG00000054282	SDCCAG8	ENSG00000054282.16
4992	ENSG00000059588	TARBP1	ENSG00000059588.10
5008	ENSG00000117020	AKT3	ENSG00000117020.18
5018	ENSG00000135763	URB2	ENSG00000135763.10
5019	ENSG00000135766	EGLN1	ENSG00000135766.9
5020	ENSG00000135773	CAPN9	ENSG00000135773.13
5025	ENSG00000143632	ACTA1	ENSG00000143632.14
5029	ENSG00000143653	SCCPDH	ENSG00000143653.10
5033	ENSG00000152904	GGPS1	ENSG00000152904.11
5034	ENSG00000153187	HNRNPU	ENSG00000153187.20
5045	ENSG00000162851	TFB2M	ENSG00000162851.8
5066	ENSG00000175143	OR2T1	ENSG00000175143.4
5091	ENSG00000183780	SLC35F3	ENSG00000183780.13
5106	ENSG00000196242	OR2C3	ENSG00000196242.10
5491	ENSG00000079785	DDX1	ENSG00000079785.15
5498	ENSG00000084734	GCKR	ENSG00000084734.9
5501	ENSG00000084774	CAD	ENSG00000084774.14
5514	ENSG00000115234	SNX17	ENSG00000115234.11
5522	ENSG00000115884	SDC1	ENSG00000115884.11
5534	ENSG00000119782	FKBP1B	ENSG00000119782.14
5537	ENSG00000134308	YWHAQ	ENSG00000134308.14
5540	ENSG00000134318	ROCK2	ENSG00000134318.14
5546	ENSG00000138002	IFT172	ENSG00000138002.15
5551	ENSG00000138031	ADCY3	ENSG00000138031.14
5552	ENSG00000138073	PREB	ENSG00000138073.14
5553	ENSG00000138074	SLC5A6	ENSG00000138074.15
5561	ENSG00000143867	OSR1	ENSG00000143867.7
5564	ENSG00000143878	RHOB	ENSG00000143878.10
5565	ENSG00000143882	ATP6V1C2	ENSG00000143882.12
5571	ENSG00000151353	TMEM18	ENSG00000151353.15
5572	ENSG00000151360	ALLC	ENSG00000151360.10
5617	ENSG00000183891	TTC32	ENSG00000183891.6
5622	ENSG00000186487	MYT1L	ENSG00000186487.19
5666	ENSG00000213639	PPP1CB	ENSG00000213639.10
5673	ENSG00000214842	RAD51AP2	ENSG00000214842.5
5744	ENSG00000228474	OST4	ENSG00000228474.6
5986	ENSG00000013016	EHD3	ENSG00000013016.16
6001	ENSG00000091106	NLRC4	ENSG00000091106.19
6002	ENSG00000095002	MSH2	ENSG00000095002.15
6020	ENSG00000115875	SRSF7	ENSG00000115875.19
6022	ENSG00000115944	COX7A2L	ENSG00000115944.15
6023	ENSG00000115970	THADA	ENSG00000115970.18
6024	ENSG00000116016	EPAS1	ENSG00000116016.14
6037	ENSG00000138036	DYNC2LI1	ENSG00000138036.18
6040	ENSG00000138061	CYP1B1	ENSG00000138061.12
6073	ENSG00000162928	PEX13	ENSG00000162928.9
6080	ENSG00000163001	CFAP36	ENSG00000163001.11
6087	ENSG00000170802	FOXN2	ENSG00000170802.16
6090	ENSG00000171094	ALK	ENSG00000171094.18
6095	ENSG00000173163	COMMD1	ENSG00000173163.10
6102	ENSG00000183023	SLC8A1	ENSG00000183023.18
6166	ENSG00000214694	ARHGEF33	ENSG00000214694.11
6348	ENSG00000250565	ATP6V1E2	ENSG00000250565.7
6482	ENSG00000003137	CYP26B1	ENSG00000003137.8
6483	ENSG00000005436	GCFC2	ENSG00000005436.14
6490	ENSG00000042493	CAPG	ENSG00000042493.16
6540	ENSG00000119862	LGALSL	ENSG00000119862.13
6552	ENSG00000135622	SEMA4F	ENSG00000135622.13
6557	ENSG00000135636	DYSF	ENSG00000135636.14
6570	ENSG00000144035	NAT8	ENSG00000144035.4
6581	ENSG00000153563	CD8A	ENSG00000153563.15
6585	ENSG00000162951	LRRTM1	ENSG00000162951.11
6586	ENSG00000163013	FBXO41	ENSG00000163013.11
6591	ENSG00000163219	ARHGAP25	ENSG00000163219.12
6595	ENSG00000168874	ATOH8	ENSG00000168874.13
6600	ENSG00000168894	RNF181	ENSG00000168894.10
6619	ENSG00000179833	SERTAD2	ENSG00000179833.4
6631	ENSG00000196975	ANXA4	ENSG00000196975.16
6987	ENSG00000084090	STARD7	ENSG00000084090.13
7012	ENSG00000135940	COX5B	ENSG00000135940.7
7014	ENSG00000135951	TSGA10	ENSG00000135951.16
7021	ENSG00000135973	GPR45	ENSG00000135973.3
7042	ENSG00000155066	PROM2	ENSG00000155066.16
7052	ENSG00000163162	RNF149	ENSG00000163162.9
7053	ENSG00000163586	FABP1	ENSG00000163586.10
7059	ENSG00000169756	LIMS1	ENSG00000169756.16
7490	ENSG00000088205	DDX18	ENSG00000088205.13
7495	ENSG00000115107	STEAP3	ENSG00000115107.20
7497	ENSG00000115112	TFCP2L1	ENSG00000115112.8
7501	ENSG00000125571	IL37	ENSG00000125571.9
7509	ENSG00000136002	ARHGEF4	ENSG00000136002.19
7569	ENSG00000169679	BUB1	ENSG00000169679.15
7574	ENSG00000173272	MZT2A	ENSG00000173272.16
7582	ENSG00000176771	NCKAP5	ENSG00000176771.17
7589	ENSG00000183840	GPR39	ENSG00000183840.7
7596	ENSG00000186684	CYP27C1	ENSG00000186684.14
7626	ENSG00000211460	TSN	ENSG00000211460.12
7977	ENSG00000007001	UPP2	ENSG00000007001.12
7987	ENSG00000078098	FAP	ENSG00000078098.14
7989	ENSG00000081479	LRP2	ENSG00000081479.15
8001	ENSG00000115263	GCG	ENSG00000115263.15
8002	ENSG00000115267	IFIH1	ENSG00000115267.8
8004	ENSG00000115290	GRB14	ENSG00000115290.10
8017	ENSG00000115966	ATF2	ENSG00000115966.17
8018	ENSG00000121964	GTDC1	ENSG00000121964.14
8036	ENSG00000136541	ERMN	ENSG00000136541.14
8048	ENSG00000144227	NXPH2	ENSG00000144227.5
8051	ENSG00000144278	GALNT13	ENSG00000144278.15
8052	ENSG00000144283	PKP4	ENSG00000144283.21
8065	ENSG00000152256	PDK1	ENSG00000152256.13
8066	ENSG00000153234	NR4A2	ENSG00000153234.14
8068	ENSG00000153246	PLA2R1	ENSG00000153246.13
8076	ENSG00000162989	KCNJ3	ENSG00000162989.5
8082	ENSG00000168280	KIF5C	ENSG00000168280.17
8086	ENSG00000169507	SLC38A11	ENSG00000169507.9
8089	ENSG00000172318	B3GALT1	ENSG00000172318.5
8097	ENSG00000182263	FIGN	ENSG00000182263.14
8100	ENSG00000184611	KCNH7	ENSG00000184611.12
8101	ENSG00000184898	RBM43	ENSG00000184898.7
8102	ENSG00000187123	LYPD6	ENSG00000187123.15
8125	ENSG00000204334	ERICH2	ENSG00000204334.7
8147	ENSG00000213160	KLHL23	ENSG00000213160.10
8380	ENSG00000241399	CD302	ENSG00000241399.7
8488	ENSG00000065413	ANKRD44	ENSG00000065413.20
8494	ENSG00000082126	MPP4	ENSG00000082126.18
8497	ENSG00000114933	INO80D	ENSG00000114933.16
8502	ENSG00000115368	WDR75	ENSG00000115368.10
8528	ENSG00000128699	ORMDL1	ENSG00000128699.14
8538	ENSG00000138386	NAB1	ENSG00000138386.17
8559	ENSG00000155636	RBM45	ENSG00000155636.15
8572	ENSG00000162998	FRZB	ENSG00000162998.5
8580	ENSG00000163596	ICA1L	ENSG00000163596.16
8586	ENSG00000170144	HNRNPA3	ENSG00000170144.20
8611	ENSG00000196950	SLC39A10	ENSG00000196950.14
8985	ENSG00000078018	MAP2	ENSG00000078018.20
8992	ENSG00000115009	CCL20	ENSG00000115009.13
8993	ENSG00000115020	PIKFYVE	ENSG00000115020.17
8996	ENSG00000115365	LANCL1	ENSG00000115365.12
9000	ENSG00000115461	IGFBP5	ENSG00000115461.5
9020	ENSG00000123983	ACSL3	ENSG00000123983.14
9052	ENSG00000138376	BARD1	ENSG00000138376.11
9053	ENSG00000138400	MDH1B	ENSG00000138400.13
9059	ENSG00000144445	KANSL1L	ENSG00000144445.17
9060	ENSG00000144451	SPAG16	ENSG00000144451.19
9062	ENSG00000144460	NYAP2	ENSG00000144460.12
9070	ENSG00000144589	STK11IP	ENSG00000144589.22
9072	ENSG00000152049	KCNE4	ENSG00000152049.6
9082	ENSG00000163053	SLC16A14	ENSG00000163053.11
9095	ENSG00000163481	RNF25	ENSG00000163481.8
9109	ENSG00000171450	CDK5R2	ENSG00000171450.6
9121	ENSG00000178385	PLEKHM3	ENSG00000178385.15
9136	ENSG00000187957	DNER	ENSG00000187957.8
9139	ENSG00000188760	TMEM198	ENSG00000188760.10
9145	ENSG00000198925	ATG9A	ENSG00000198925.12
9472	ENSG00000006607	FARP2	ENSG00000006607.14
9475	ENSG00000068024	HDAC4	ENSG00000068024.16
9483	ENSG00000085978	ATG16L1	ENSG00000085978.22
9488	ENSG00000113851	CRBN	ENSG00000113851.14
9490	ENSG00000115648	MLPH	ENSG00000115648.14
9491	ENSG00000115677	HDLBP	ENSG00000115677.17
9504	ENSG00000130414	NDUFA10	ENSG00000130414.12
9518	ENSG00000132170	PPARG	ENSG00000132170.21
9520	ENSG00000132321	IQCA1	ENSG00000132321.17
9527	ENSG00000134077	THUMPD3	ENSG00000134077.16
9535	ENSG00000142330	CAPN10	ENSG00000142330.20
9555	ENSG00000154743	TSEN2	ENSG00000154743.18
9565	ENSG00000156990	RPUSD3	ENSG00000156990.14
9576	ENSG00000163517	HDAC11	ENSG00000163517.15
9605	ENSG00000177463	NR2C2	ENSG00000177463.15
9647	ENSG00000204099	NEU4	ENSG00000204099.11
9649	ENSG00000206560	ANKRD28	ENSG00000206560.11
9984	ENSG00000088727	KIF9	ENSG00000088727.12
9992	ENSG00000114650	SCAP	ENSG00000114650.20
9993	ENSG00000114739	ACVR2B	ENSG00000114739.14
9996	ENSG00000114784	EIF1B	ENSG00000114784.4
10011	ENSG00000144647	POMGNT2	ENSG00000144647.6
10014	ENSG00000144655	CSRNP1	ENSG00000144655.15
10015	ENSG00000144659	SLC25A38	ENSG00000144659.13
10023	ENSG00000151090	THRB	ENSG00000151090.19
10057	ENSG00000163820	FYCO1	ENSG00000163820.15
10063	ENSG00000164047	CAMP	ENSG00000164047.6
10078	ENSG00000169981	ZNF35	ENSG00000169981.11
10096	ENSG00000173769	TOPAZ1	ENSG00000173769.4
10100	ENSG00000177842	ZNF620	ENSG00000177842.12
10101	ENSG00000177873	ZNF619	ENSG00000177873.14
10105	ENSG00000178917	ZNF852	ENSG00000178917.16
10116	ENSG00000182973	CNOT10	ENSG00000182973.18
10119	ENSG00000183813	CCR4	ENSG00000183813.7
10135	ENSG00000196653	ZNF502	ENSG00000196653.12
10137	ENSG00000197885	NKIRAS1	ENSG00000197885.10
10364	ENSG00000249992	TMEM158	ENSG00000249992.2
10474	ENSG00000008300	CELSR3	ENSG00000008300.17
10483	ENSG00000023330	ALAS1	ENSG00000023330.15
10489	ENSG00000068001	HYAL2	ENSG00000068001.14
10498	ENSG00000114251	WNT5A	ENSG00000114251.14
10502	ENSG00000114316	USP4	ENSG00000114316.13
10508	ENSG00000114388	NPRL2	ENSG00000114388.14
10515	ENSG00000114767	RRP9	ENSG00000114767.7
10525	ENSG00000136068	FLNB	ENSG00000136068.14
10529	ENSG00000144741	SLC25A26	ENSG00000144741.17
10538	ENSG00000145040	UCN2	ENSG00000145040.4
10540	ENSG00000145050	MANF	ENSG00000145050.18
10541	ENSG00000151276	MAGI1	ENSG00000151276.23
10547	ENSG00000162267	ITIH3	ENSG00000162267.12
10564	ENSG00000163666	HESX1	ENSG00000163666.10
10567	ENSG00000163686	ABHD6	ENSG00000163686.15
10571	ENSG00000163931	TKT	ENSG00000163931.16
10572	ENSG00000163932	PRKCD	ENSG00000163932.15
10589	ENSG00000164081	TEX264	ENSG00000164081.12
10593	ENSG00000164088	PPM1M	ENSG00000164088.18
10597	ENSG00000168273	SMIM4	ENSG00000168273.8
10600	ENSG00000168301	KCTD6	ENSG00000168301.13
10603	ENSG00000168374	ARF4	ENSG00000168374.11
10622	ENSG00000177479	ARIH2	ENSG00000177479.19
10628	ENSG00000178537	SLC25A20	ENSG00000178537.10
10641	ENSG00000186451	SPATA12	ENSG00000186451.2
10650	ENSG00000189283	FHIT	ENSG00000189283.10
10651	ENSG00000198218	QRICH1	ENSG00000198218.11
10652	ENSG00000198643	FAM3D	ENSG00000198643.7
10972	ENSG00000064225	ST3GAL6	ENSG00000064225.12
10979	ENSG00000080819	CPOX	ENSG00000080819.9
10983	ENSG00000082701	GSK3B	ENSG00000082701.15
10984	ENSG00000083937	CHMP2B	ENSG00000083937.9
10988	ENSG00000113924	HGD	ENSG00000113924.12
10995	ENSG00000114446	IFT57	ENSG00000114446.5
10996	ENSG00000114455	HHLA2	ENSG00000114455.13
11004	ENSG00000121578	B4GALT4	ENSG00000121578.13
11009	ENSG00000138472	GUCA1C	ENSG00000138472.11
11021	ENSG00000144840	RABL3	ENSG00000144840.9
11033	ENSG00000154174	TOMM70	ENSG00000154174.8
11038	ENSG00000163428	LRRC58	ENSG00000163428.4
11039	ENSG00000163430	FSTL1	ENSG00000163430.12
11080	ENSG00000181722	ZBTB20	ENSG00000181722.16
11082	ENSG00000182504	CEP97	ENSG00000182504.11
11470	ENSG00000036828	CASR	ENSG00000036828.16
11472	ENSG00000051382	PIK3CB	ENSG00000051382.9
11476	ENSG00000065534	MYLK	ENSG00000065534.18
11483	ENSG00000075785	RAB7A	ENSG00000075785.13
11489	ENSG00000113971	NPHP3	ENSG00000113971.20
11497	ENSG00000114113	RBP2	ENSG00000114113.6
11499	ENSG00000114120	SLC25A36	ENSG00000114120.14
11509	ENSG00000114626	ABTB1	ENSG00000114626.18
11511	ENSG00000114654	EFCC1	ENSG00000114654.7
11525	ENSG00000138231	DBR1	ENSG00000138231.13
11528	ENSG00000138496	PARP9	ENSG00000138496.16
11535	ENSG00000145103	ILDR1	ENSG00000145103.15
11537	ENSG00000154917	RAB6B	ENSG00000154917.11
11551	ENSG00000160145	KALRN	ENSG00000160145.15
11553	ENSG00000163710	PCOLCE2	ENSG00000163710.9
11561	ENSG00000163864	NMNAT3	ENSG00000163864.17
11562	ENSG00000163870	TPRA1	ENSG00000163870.16
11566	ENSG00000163913	IFT122	ENSG00000163913.11
11578	ENSG00000172771	EFCAB12	ENSG00000172771.12
11585	ENSG00000173702	MUC13	ENSG00000173702.7
11586	ENSG00000173706	HEG1	ENSG00000173706.14
11594	ENSG00000175054	ATR	ENSG00000175054.16
11606	ENSG00000179407	DNAJB8	ENSG00000179407.3
11607	ENSG00000180353	HCLS1	ENSG00000180353.11
11624	ENSG00000188582	PAQR9	ENSG00000188582.9
11968	ENSG00000047457	CP	ENSG00000047457.14
11997	ENSG00000121858	TNFSF10	ENSG00000121858.11
12000	ENSG00000121879	PIK3CA	ENSG00000121879.5
12008	ENSG00000144895	EIF2A	ENSG00000144895.12
12022	ENSG00000163590	PPM1L	ENSG00000163590.14
12026	ENSG00000163659	TIPARP	ENSG00000163659.13
12052	ENSG00000173890	GPR160	ENSG00000173890.17
12055	ENSG00000174891	RSRC1	ENSG00000174891.13
12076	ENSG00000184378	ACTRT3	ENSG00000184378.3
12078	ENSG00000186432	KPNA4	ENSG00000186432.9
12083	ENSG00000196549	MME	ENSG00000196549.10
12464	ENSG00000041802	LSG1	ENSG00000041802.11
12470	ENSG00000068078	FGFR3	ENSG00000068078.18
12475	ENSG00000073849	ST6GAL1	ENSG00000073849.15
12478	ENSG00000078081	LAMP3	ENSG00000078081.8
12489	ENSG00000113905	HRG	ENSG00000113905.5
12499	ENSG00000114796	KLHL24	ENSG00000114796.16
12500	ENSG00000114859	CLCN2	ENSG00000114859.16
12515	ENSG00000136514	RTP4	ENSG00000136514.3
12516	ENSG00000136527	TRA2B	ENSG00000136527.18
12523	ENSG00000145191	EIF2B5	ENSG00000145191.15
12551	ENSG00000163950	SLBP	ENSG00000163950.13
12552	ENSG00000163958	ZDHHC19	ENSG00000163958.14
12554	ENSG00000163960	UBXN7	ENSG00000163960.12
12555	ENSG00000163961	RNF168	ENSG00000163961.4
12558	ENSG00000168924	LETM1	ENSG00000168924.15
12560	ENSG00000168993	CPLX1	ENSG00000168993.15
12596	ENSG00000185619	PCGF3	ENSG00000185619.18
12607	ENSG00000188729	OSTN	ENSG00000188729.6
12656	ENSG00000214097	SMCO1	ENSG00000214097.5
12664	ENSG00000215375	MYL5	ENSG00000215375.6
12975	ENSG00000071127	WDR1	ENSG00000071127.17
12986	ENSG00000109519	GRPEL1	ENSG00000109519.13
12991	ENSG00000109667	SLC2A9	ENSG00000109667.12
13006	ENSG00000123933	MXD4	ENSG00000123933.17
13013	ENSG00000137440	FGFBP1	ENSG00000137440.5
13015	ENSG00000137449	CPEB2	ENSG00000137449.16
13047	ENSG00000169299	PGM2	ENSG00000169299.14
13055	ENSG00000170891	CYTL1	ENSG00000170891.11
13062	ENSG00000174145	NWD2	ENSG00000174145.8
13073	ENSG00000184985	SORCS2	ENSG00000184985.16
13085	ENSG00000197712	FAM114A1	ENSG00000197712.12
13115	ENSG00000215612	HMX1	ENSG00000215612.8
13284	ENSG00000250317	SMIM20	ENSG00000250317.8
13464	ENSG00000056291	NPFFR2	ENSG00000056291.17
13480	ENSG00000109133	TMEM33	ENSG00000109133.13
13507	ENSG00000128052	KDR	ENSG00000128052.10
13516	ENSG00000134853	PDGFRA	ENSG00000134853.12
13520	ENSG00000135605	TEC	ENSG00000135605.13
13524	ENSG00000145244	CORIN	ENSG00000145244.12
13536	ENSG00000156136	DCK	ENSG00000156136.10
13538	ENSG00000157404	KIT	ENSG00000157404.15
13539	ENSG00000157426	AASDH	ENSG00000157426.14
13545	ENSG00000163288	GABRB1	ENSG00000163288.14
13555	ENSG00000168421	RHOH	ENSG00000168421.13
13588	ENSG00000188848	BEND4	ENSG00000188848.16
13589	ENSG00000188993	LRRC66	ENSG00000188993.3
13592	ENSG00000196620	UGT2B15	ENSG00000196620.10
13967	ENSG00000109339	MAPK10	ENSG00000109339.24
13974	ENSG00000124875	CXCL6	ENSG00000124875.10
13994	ENSG00000138756	BMP2K	ENSG00000138756.17
14003	ENSG00000138771	SHROOM3	ENSG00000138771.16
14005	ENSG00000138777	PPA2	ENSG00000138777.20
14015	ENSG00000138821	SLC39A8	ENSG00000138821.13
14017	ENSG00000145283	SLC10A6	ENSG00000145283.8
14024	ENSG00000145337	PYURF	ENSG00000145337.5
14027	ENSG00000145358	DDIT4L	ENSG00000145358.6
14031	ENSG00000152591	DSPP	ENSG00000152591.15
14033	ENSG00000152595	MEPE	ENSG00000152595.16
14084	ENSG00000169245	CXCL10	ENSG00000169245.6
14106	ENSG00000184305	CCSER1	ENSG00000184305.15
14458	ENSG00000077684	JADE1	ENSG00000077684.16
14460	ENSG00000109381	ELF2	ENSG00000109381.20
14464	ENSG00000109445	ZNF330	ENSG00000109445.11
14469	ENSG00000120519	SLC10A7	ENSG00000120519.14
14483	ENSG00000138735	PDE5A	ENSG00000138735.16
14484	ENSG00000138738	PRDM5	ENSG00000138738.10
14486	ENSG00000138792	ENPEP	ENSG00000138792.10
14509	ENSG00000151617	EDNRA	ENSG00000151617.17
14532	ENSG00000164162	ANAPC10	ENSG00000164162.14
14534	ENSG00000164164	OTUD4	ENSG00000164164.17
14541	ENSG00000170185	USP38	ENSG00000170185.10
14545	ENSG00000172007	RAB33B	ENSG00000172007.7
14556	ENSG00000179387	ELMOD2	ENSG00000179387.10
14986	ENSG00000137628	DDX60	ENSG00000137628.17
15012	ENSG00000164107	HAND2	ENSG00000164107.8
15015	ENSG00000164117	FBXO8	ENSG00000164117.14
15027	ENSG00000164305	CASP3	ENSG00000164305.19
15034	ENSG00000168564	CDKN2AIP	ENSG00000168564.6
15042	ENSG00000171503	ETFDH	ENSG00000171503.12
15070	ENSG00000198948	MFAP3L	ENSG00000198948.12
15105	ENSG00000218336	TENM3	ENSG00000218336.9
15460	ENSG00000073578	SDHA	ENSG00000073578.17
15466	ENSG00000112877	CEP72	ENSG00000112877.8
15474	ENSG00000133398	MED10	ENSG00000133398.4
15486	ENSG00000150753	CCT5	ENSG00000150753.12
15501	ENSG00000164363	SLC6A18	ENSG00000164363.10
15502	ENSG00000164366	CCDC127	ENSG00000164366.4
15509	ENSG00000171368	TPPP	ENSG00000171368.12
15510	ENSG00000171421	MRPL36	ENSG00000171421.13
15517	ENSG00000180104	EXOC3	ENSG00000180104.16
15699	ENSG00000249915	PDCD6	ENSG00000249915.8
15962	ENSG00000082068	WDR70	ENSG00000082068.9
15971	ENSG00000112964	GHR	ENSG00000112964.14
15976	ENSG00000113100	CDH9	ENSG00000113100.10
15987	ENSG00000113494	PRLR	ENSG00000113494.17
15990	ENSG00000113600	C9	ENSG00000113600.11
15991	ENSG00000113638	TTC33	ENSG00000113638.14
15994	ENSG00000132357	CARD6	ENSG00000132357.14
15996	ENSG00000134352	IL6ST	ENSG00000134352.20
16002	ENSG00000145632	PLK2	ENSG00000145632.15
16008	ENSG00000151882	CCL28	ENSG00000151882.11
16026	ENSG00000164181	ELOVL7	ENSG00000164181.14
16027	ENSG00000164182	NDUFAF2	ENSG00000164182.11
16039	ENSG00000164588	HCN1	ENSG00000164588.8
16040	ENSG00000168621	GDNF	ENSG00000168621.15
16059	ENSG00000182631	RXFP3	ENSG00000182631.7
16060	ENSG00000182836	PLCXD3	ENSG00000182836.10
16453	ENSG00000069020	MAST4	ENSG00000069020.18
16467	ENSG00000113356	POLR3G	ENSG00000113356.12
16485	ENSG00000132846	ZBED3	ENSG00000132846.6
16488	ENSG00000134058	CDK7	ENSG00000134058.12
16496	ENSG00000145692	BHMT	ENSG00000145692.15
16498	ENSG00000145703	IQGAP2	ENSG00000145703.16
16504	ENSG00000145740	SLC30A5	ENSG00000145740.19
16507	ENSG00000152359	POC5	ENSG00000152359.15
16508	ENSG00000152380	FAM151B	ENSG00000152380.10
16510	ENSG00000152413	HOMER1	ENSG00000152413.15
16530	ENSG00000164300	SERINC5	ENSG00000164300.17
16552	ENSG00000177034	MTX3	ENSG00000177034.16
16566	ENSG00000189127	ANKRD34B	ENSG00000189127.8
16570	ENSG00000197860	SGTB	ENSG00000197860.10
16615	ENSG00000214944	ARHGEF28	ENSG00000214944.9
16961	ENSG00000112893	MAN2A1	ENSG00000112893.9
16970	ENSG00000118985	ELL2	ENSG00000118985.16
16983	ENSG00000138829	FBN2	ENSG00000138829.12
16994	ENSG00000145782	ATG12	ENSG00000145782.13
17011	ENSG00000164211	STARD4	ENSG00000164211.13
17013	ENSG00000164221	CCDC112	ENSG00000164221.13
17039	ENSG00000172869	DMXL1	ENSG00000172869.14
17044	ENSG00000174132	FAM174A	ENSG00000174132.9
17045	ENSG00000174136	RGMB	ENSG00000174136.13
17055	ENSG00000181867	FTMT	ENSG00000181867.3
17056	ENSG00000184349	EFNA5	ENSG00000184349.13
17057	ENSG00000184838	PRR16	ENSG00000184838.15
17064	ENSG00000197375	SLC22A5	ENSG00000197375.12
17070	ENSG00000198944	SOWAHA	ENSG00000198944.6
17086	ENSG00000205302	SNX2	ENSG00000205302.7
17476	ENSG00000112983	BRD8	ENSG00000112983.17
17489	ENSG00000113248	PCDHB15	ENSG00000113248.6
17505	ENSG00000113721	PDGFRB	ENSG00000113721.14
17514	ENSG00000120328	PCDHB12	ENSG00000120328.6
17525	ENSG00000131495	NDUFA2	ENSG00000131495.8
17541	ENSG00000145839	IL9	ENSG00000145839.2
17544	ENSG00000145882	PCYOX1L	ENSG00000145882.11
17550	ENSG00000146021	KLHL3	ENSG00000146021.15
17560	ENSG00000157510	AFAP1L1	ENSG00000157510.14
17570	ENSG00000164591	MYOZ3	ENSG00000164591.13
17586	ENSG00000171720	HDAC3	ENSG00000171720.10
17592	ENSG00000176049	JAKMIP2	ENSG00000176049.16
17600	ENSG00000181965	NEUROG1	ENSG00000181965.6
17601	ENSG00000182578	CSF1R	ENSG00000182578.13
17605	ENSG00000183876	ARSI	ENSG00000183876.9
17652	ENSG00000213523	SRA1	ENSG00000213523.10
17685	ENSG00000237190	CDKN2AIPNL	ENSG00000237190.4
17950	ENSG00000038274	MAT2B	ENSG00000038274.17
17958	ENSG00000055147	FAM114A2	ENSG00000055147.19
17961	ENSG00000072786	STK10	ENSG00000072786.13
17965	ENSG00000082515	MRPL22	ENSG00000082515.18
17966	ENSG00000082516	GEMIN5	ENSG00000082516.9
17975	ENSG00000113240	CLK4	ENSG00000113240.13
17976	ENSG00000113249	HAVCR1	ENSG00000113249.13
17978	ENSG00000113263	ITK	ENSG00000113263.12
17981	ENSG00000113302	IL12B	ENSG00000113302.5
17987	ENSG00000113719	ERGIC1	ENSG00000113719.16
17996	ENSG00000118322	ATP10B	ENSG00000118322.14
18002	ENSG00000123643	SLC36A1	ENSG00000123643.13
18004	ENSG00000131187	F12	ENSG00000131187.9
18006	ENSG00000132911	NMUR2	ENSG00000132911.4
18016	ENSG00000145864	GABRB2	ENSG00000145864.13
18026	ENSG00000145934	TENM2	ENSG00000145934.16
18037	ENSG00000156427	FGF18	ENSG00000156427.8
18040	ENSG00000164330	EBF1	ENSG00000164330.17
18058	ENSG00000169258	GPRIN1	ENSG00000169258.7
18083	ENSG00000181163	NPM1	ENSG00000181163.13
18097	ENSG00000196570	PFN3	ENSG00000196570.3
18447	ENSG00000021355	SERPINB1	ENSG00000021355.13
18448	ENSG00000037280	FLT4	ENSG00000037280.16
18451	ENSG00000050748	MAPK9	ENSG00000050748.17
18454	ENSG00000095951	HIVEP1	ENSG00000095951.17
18459	ENSG00000111845	PAK1IP1	ENSG00000111845.5
18483	ENSG00000124491	F13A1	ENSG00000124491.16
18497	ENSG00000124789	NUP153	ENSG00000124789.11
18498	ENSG00000124795	DEK	ENSG00000124795.17
18502	ENSG00000131446	MGAT1	ENSG00000131446.16
18503	ENSG00000131459	GFPT2	ENSG00000131459.13
18513	ENSG00000137274	BPHL	ENSG00000137274.13
18514	ENSG00000137275	RIPK1	ENSG00000137275.14
18529	ENSG00000146049	KAAG1	ENSG00000146049.2
18530	ENSG00000146054	TRIM7	ENSG00000146054.18
18533	ENSG00000152954	NRSN1	ENSG00000152954.12
18534	ENSG00000153046	CDYL	ENSG00000153046.18
18538	ENSG00000161011	SQSTM1	ENSG00000161011.20
18594	ENSG00000205269	TMEM170B	ENSG00000205269.6
18664	ENSG00000219607	PPP1R3G	ENSG00000219607.3
18691	ENSG00000224531	SMIM13	ENSG00000224531.6
18700	ENSG00000225921	NOL7	ENSG00000225921.7
18968	ENSG00000137331	IER3	ENSG00000137331.12
18973	ENSG00000137411	VARS2	ENSG00000137411.18
19009	ENSG00000189298	ZKSCAN3	ENSG00000189298.14
19027	ENSG00000198704	GPX6	ENSG00000198704.9
19052	ENSG00000204371	EHMT2	ENSG00000204371.11
19054	ENSG00000204386	NEU1	ENSG00000204386.11
19091	ENSG00000204560	DHX16	ENSG00000204560.10
19095	ENSG00000204574	ABCF1	ENSG00000204574.13
19097	ENSG00000204580	DDR1	ENSG00000204580.13
19122	ENSG00000204701	OR2J3	ENSG00000204701.2
19447	ENSG00000007866	TEAD3	ENSG00000007866.21
19452	ENSG00000024048	UBR2	ENSG00000024048.10
19461	ENSG00000065029	ZNF76	ENSG00000065029.15
19466	ENSG00000095981	KCNK16	ENSG00000095981.10
19474	ENSG00000096384	HSP90AB1	ENSG00000096384.20
19478	ENSG00000112033	PPARD	ENSG00000112033.14
19482	ENSG00000112062	MAPK14	ENSG00000112062.10
19494	ENSG00000112511	PHF1	ENSG00000112511.17
19522	ENSG00000124587	PEX6	ENSG00000124587.14
19526	ENSG00000124608	AARS2	ENSG00000124608.5
19550	ENSG00000137168	PPIL1	ENSG00000137168.8
19552	ENSG00000137193	PIM1	ENSG00000137193.14
19554	ENSG00000137204	SLC22A7	ENSG00000137204.14
19562	ENSG00000137392	CLPS	ENSG00000137392.10
19571	ENSG00000146215	CRIP3	ENSG00000146215.13
19572	ENSG00000146216	TTBK1	ENSG00000146216.13
19594	ENSG00000168394	TAP1	ENSG00000168394.11
19598	ENSG00000171462	DLK2	ENSG00000171462.15
19638	ENSG00000198502	HLA-DRB5	ENSG00000198502.6
19662	ENSG00000204227	RING1	ENSG00000204227.5
19664	ENSG00000204231	RXRB	ENSG00000204231.10
19667	ENSG00000204256	BRD2	ENSG00000204256.13
19695	ENSG00000213588	ZBTB9	ENSG00000213588.6
19778	ENSG00000230062	ANKRD66	ENSG00000230062.5
19789	ENSG00000231500	RPS18	ENSG00000231500.7
19809	ENSG00000236104	ZBTB22	ENSG00000236104.3
19946	ENSG00000001084	GCLC	ENSG00000001084.13
19954	ENSG00000065615	CYB5R4	ENSG00000065615.14
19964	ENSG00000096093	EFHC1	ENSG00000096093.16
19970	ENSG00000112116	IL17F	ENSG00000112116.10
19989	ENSG00000112742	TTK	ENSG00000112742.10
19991	ENSG00000112837	TBX18	ENSG00000112837.17
19992	ENSG00000118402	ELOVL4	ENSG00000118402.6
20022	ENSG00000137269	LRRC1	ENSG00000137269.15
20032	ENSG00000146276	GABRR1	ENSG00000146276.12
20035	ENSG00000146282	RARS2	ENSG00000146282.18
20039	ENSG00000154548	SRSF12	ENSG00000154548.9
20058	ENSG00000188107	EYS	ENSG00000188107.15
20062	ENSG00000198478	SH3BGRL2	ENSG00000198478.8
20083	ENSG00000203908	KHDC3L	ENSG00000203908.4
20446	ENSG00000010810	FYN	ENSG00000010810.17
20451	ENSG00000047936	ROS1	ENSG00000047936.10
20459	ENSG00000079931	MOXD1	ENSG00000079931.15
20461	ENSG00000080546	SESN1	ENSG00000080546.13
20472	ENSG00000111877	MCM9	ENSG00000111877.17
20481	ENSG00000112218	GPR63	ENSG00000112218.9
20488	ENSG00000112282	MED23	ENSG00000112282.18
20508	ENSG00000123552	USP45	ENSG00000123552.17
20509	ENSG00000130347	RTN4IP1	ENSG00000130347.13
20515	ENSG00000135333	EPHA7	ENSG00000135333.14
20519	ENSG00000135549	PKIB	ENSG00000135549.15
20522	ENSG00000146263	MMS22L	ENSG00000146263.11
20532	ENSG00000146385	TAAR8	ENSG00000146385.1
20545	ENSG00000164465	DCBLD1	ENSG00000164465.18
20553	ENSG00000172469	MANEA	ENSG00000172469.16
20558	ENSG00000173626	TRAPPC3L	ENSG00000173626.10
20575	ENSG00000187772	LIN28B	ENSG00000187772.8
20580	ENSG00000196376	SLC35F1	ENSG00000196376.11
20582	ENSG00000196591	HDAC2	ENSG00000196591.12
20587	ENSG00000198945	L3MBTL3	ENSG00000198945.8
20834	ENSG00000249853	HS3ST5	ENSG00000249853.7
20942	ENSG00000001036	FUCA2	ENSG00000001036.14
20945	ENSG00000010818	HIVEP2	ENSG00000010818.10
20946	ENSG00000016402	IL20RA	ENSG00000016402.13
20950	ENSG00000029363	BCLAF1	ENSG00000029363.17
20959	ENSG00000078269	SYNJ2	ENSG00000078269.15
20960	ENSG00000091831	ESR1	ENSG00000091831.23
20963	ENSG00000093134	VNN3	ENSG00000093134.15
20970	ENSG00000112096	SOD2	ENSG00000112096.18
20971	ENSG00000112110	MRPL18	ENSG00000112110.10
20979	ENSG00000112379	ARFGEF3	ENSG00000112379.9
20987	ENSG00000118495	PLAGL1	ENSG00000118495.19
20996	ENSG00000120254	MTHFD1L	ENSG00000120254.15
20998	ENSG00000120262	CCDC170	ENSG00000120262.10
21000	ENSG00000120278	PLEKHG1	ENSG00000120278.16
21004	ENSG00000122194	PLG	ENSG00000122194.18
21008	ENSG00000130363	RSPH3	ENSG00000130363.12
21012	ENSG00000131016	AKAP12	ENSG00000131016.17
21022	ENSG00000135597	REPS1	ENSG00000135597.18
21032	ENSG00000146425	DYNLT1	ENSG00000146425.11
21033	ENSG00000146426	TIAM2	ENSG00000146426.18
21088	ENSG00000203727	SAMD5	ENSG00000203727.4
21341	ENSG00000254440	PBOV1	ENSG00000254440.3
21404	ENSG00000285441	SOD2	ENSG00000285441.1
21442	ENSG00000004846	ABCB5	ENSG00000004846.16
21451	ENSG00000048052	HDAC9	ENSG00000048052.21
21456	ENSG00000073067	CYP2W1	ENSG00000073067.14
21458	ENSG00000075624	ACTB	ENSG00000075624.16
21459	ENSG00000085511	MAP3K4	ENSG00000085511.20
21469	ENSG00000106268	NUDT1	ENSG00000106268.15
21475	ENSG00000106443	PHF14	ENSG00000106443.16
21476	ENSG00000106460	TMEM106B	ENSG00000106460.19
21487	ENSG00000112541	PDE10A	ENSG00000112541.15
21492	ENSG00000120440	TTLL2	ENSG00000120440.15
21495	ENSG00000122584	NXPH1	ENSG00000122584.13
21500	ENSG00000125337	KIF25	ENSG00000125337.19
21508	ENSG00000136261	BZW2	ENSG00000136261.15
21513	ENSG00000146530	VWDE	ENSG00000146530.14
21521	ENSG00000153303	FRMD1	ENSG00000153303.17
21537	ENSG00000164818	DNAAF5	ENSG00000164818.16
21539	ENSG00000164849	GPR146	ENSG00000164849.10
21541	ENSG00000164853	UNCX	ENSG00000164853.9
21560	ENSG00000184465	WDR27	ENSG00000184465.16
21572	ENSG00000197461	PDGFA	ENSG00000197461.13
21574	ENSG00000198286	CARD11	ENSG00000198286.9
21575	ENSG00000198517	MAFK	ENSG00000198517.10
21940	ENSG00000005073	HOXA11	ENSG00000005073.6
21943	ENSG00000006715	VPS41	ENSG00000006715.16
21946	ENSG00000015520	NPC1L1	ENSG00000015520.14
21949	ENSG00000058404	CAMK2B	ENSG00000058404.20
21951	ENSG00000065883	CDK13	ENSG00000065883.16
21952	ENSG00000070882	OSBPL3	ENSG00000070882.13
21967	ENSG00000105954	NPVF	ENSG00000105954.2
21974	ENSG00000106031	HOXA13	ENSG00000106031.9
21979	ENSG00000106069	CHN2	ENSG00000106069.22
21998	ENSG00000106624	AEBP1	ENSG00000106624.11
22015	ENSG00000122592	HOXA7	ENSG00000122592.8
22043	ENSG00000154678	PDE1C	ENSG00000154678.18
22046	ENSG00000158604	TMED4	ENSG00000158604.15
22047	ENSG00000164532	TBX20	ENSG00000164532.11
22056	ENSG00000164708	PGAM2	ENSG00000164708.6
22080	ENSG00000196262	PPIA	ENSG00000196262.14
22083	ENSG00000196683	TOMM7	ENSG00000196683.10
22450	ENSG00000132437	DDC	ENSG00000132437.18
22454	ENSG00000146648	EGFR	ENSG00000146648.18
22458	ENSG00000146733	PSPH	ENSG00000146733.14
22459	ENSG00000146757	ZNF92	ENSG00000146757.13
22498	ENSG00000188730	VWC2	ENSG00000188730.5
22501	ENSG00000196247	ZNF107	ENSG00000196247.11
22508	ENSG00000198874	TYW1	ENSG00000198874.13
22748	ENSG00000234444	ZNF736	ENSG00000234444.10
22805	ENSG00000241258	CRCP	ENSG00000241258.7
22945	ENSG00000005471	ABCB4	ENSG00000005471.17
22958	ENSG00000019991	HGF	ENSG00000019991.18
22964	ENSG00000070669	ASNS	ENSG00000070669.17
22974	ENSG00000086730	LAT2	ENSG00000086730.17
22975	ENSG00000091073	DTX2	ENSG00000091073.19
22976	ENSG00000105784	RUNDC3B	ENSG00000105784.15
22979	ENSG00000105810	CDK6	ENSG00000105810.9
22980	ENSG00000105825	TFPI2	ENSG00000105825.14
22993	ENSG00000106258	CYP3A5	ENSG00000106258.15
23000	ENSG00000106683	LIMK1	ENSG00000106683.15
23009	ENSG00000127948	POR	ENSG00000127948.16
23025	ENSG00000135205	CCDC146	ENSG00000135205.15
23036	ENSG00000153993	SEMA3D	ENSG00000153993.13
23037	ENSG00000157214	STEAP2	ENSG00000157214.14
23040	ENSG00000157240	FZD1	ENSG00000157240.4
23041	ENSG00000157259	GATAD1	ENSG00000157259.8
23061	ENSG00000166526	ZNF3	ENSG00000166526.18
23084	ENSG00000185467	KPNA7	ENSG00000185467.7
23097	ENSG00000189143	CLDN4	ENSG00000189143.9
23101	ENSG00000196652	ZKSCAN5	ENSG00000196652.11
23105	ENSG00000198556	ZNF789	ENSG00000198556.14
23125	ENSG00000205413	SAMD9	ENSG00000205413.8
23307	ENSG00000242265	PEG10	ENSG00000242265.5
23448	ENSG00000077063	CTTNBP2	ENSG00000077063.11
23451	ENSG00000078487	ZCWPW1	ENSG00000078487.17
23467	ENSG00000105821	DNAJC2	ENSG00000105821.15
23468	ENSG00000105835	NAMPT	ENSG00000105835.12
23469	ENSG00000105851	PIK3CG	ENSG00000105851.11
23476	ENSG00000105976	MET	ENSG00000105976.15
23486	ENSG00000106328	FSCN3	ENSG00000106328.10
23487	ENSG00000106330	MOSPD3	ENSG00000106330.12
23494	ENSG00000106366	SERPINE1	ENSG00000106366.9
23501	ENSG00000128512	DOCK4	ENSG00000128512.23
23507	ENSG00000128563	PRKRIP1	ENSG00000128563.13
23516	ENSG00000128596	CCDC136	ENSG00000128596.17
23517	ENSG00000128602	SMO	ENSG00000128602.11
23531	ENSG00000135272	MDFIC	ENSG00000135272.10
23536	ENSG00000146830	GIGYF1	ENSG00000146830.10
23545	ENSG00000160991	ORAI2	ENSG00000160991.16
23552	ENSG00000164597	COG5	ENSG00000164597.13
23555	ENSG00000164675	IQUB	ENSG00000164675.11
23577	ENSG00000174697	LEP	ENSG00000174697.5
23580	ENSG00000179562	GCC1	ENSG00000179562.3
23593	ENSG00000189056	RELN	ENSG00000189056.14
23594	ENSG00000196411	EPHB4	ENSG00000196411.10
23619	ENSG00000205277	MUC12	ENSG00000205277.9
23938	ENSG00000064393	HIPK2	ENSG00000064393.16
23942	ENSG00000090266	NDUFB2	ENSG00000090266.13
23948	ENSG00000105894	PTN	ENSG00000105894.12
23950	ENSG00000105939	ZC3HAV1	ENSG00000105939.13
23959	ENSG00000106479	ZNF862	ENSG00000106479.11
23982	ENSG00000146857	STRA8	ENSG00000146857.4
23986	ENSG00000146955	RAB19	ENSG00000146955.11
23988	ENSG00000146966	DENND2A	ENSG00000146966.13
23995	ENSG00000157764	BRAF	ENSG00000157764.13
24131	ENSG00000221858	OR2A12	ENSG00000221858.3
24133	ENSG00000221910	OR2F2	ENSG00000221910.2
24432	ENSG00000009335	UBE3C	ENSG00000009335.18
24443	ENSG00000104626	ERI1	ENSG00000104626.15
24444	ENSG00000104643	MTMR9	ENSG00000104643.10
24447	ENSG00000105982	RNF32	ENSG00000105982.16
24458	ENSG00000117868	ESYT2	ENSG00000117868.17
24463	ENSG00000130675	MNX1	ENSG00000130675.15
24464	ENSG00000133561	GIMAP6	ENSG00000133561.15
24466	ENSG00000133612	AGAP3	ENSG00000133612.19
24467	ENSG00000133627	ACTR3B	ENSG00000133627.18
24485	ENSG00000164733	CTSB	ENSG00000164733.21
24487	ENSG00000164816	DEFA5	ENSG00000164816.8
24493	ENSG00000164885	CDK5	ENSG00000164885.13
24499	ENSG00000171044	XKR6	ENSG00000171044.11
24506	ENSG00000173273	TNKS	ENSG00000173273.16
24562	ENSG00000205882	DEFB134	ENSG00000205882.8
24951	ENSG00000104219	ZDHHC2	ENSG00000104219.13
24952	ENSG00000104221	BRF2	ENSG00000104221.13
24969	ENSG00000104760	FGL1	ENSG00000104760.17
24970	ENSG00000104763	ASAH1	ENSG00000104763.19
24972	ENSG00000120875	DUSP4	ENSG00000120875.9
24975	ENSG00000120896	SORBS3	ENSG00000120896.13
24976	ENSG00000120899	PTK2B	ENSG00000120899.18
24988	ENSG00000133874	RNF122	ENSG00000133874.2
24996	ENSG00000147416	ATP6V1B2	ENSG00000147416.11
25001	ENSG00000147443	DOK2	ENSG00000147443.13
25002	ENSG00000147454	SLC25A37	ENSG00000147454.14
25009	ENSG00000155975	VPS37A	ENSG00000155975.10
25010	ENSG00000156006	NAT2	ENSG00000156006.5
25021	ENSG00000159167	STC1	ENSG00000159167.12
25035	ENSG00000168490	PHYHIP	ENSG00000168490.14
25045	ENSG00000175445	LPL	ENSG00000175445.17
25060	ENSG00000188778	ADRB3	ENSG00000188778.6
25088	ENSG00000214050	FBXO16	ENSG00000214050.8
25098	ENSG00000221818	EBF2	ENSG00000221818.9
25124	ENSG00000240694	PNMA2	ENSG00000240694.9
25439	ENSG00000029534	ANK1	ENSG00000029534.20
25448	ENSG00000077782	FGFR1	ENSG00000077782.20
25450	ENSG00000082556	OPRK1	ENSG00000082556.13
25453	ENSG00000104205	SGK3	ENSG00000104205.15
25460	ENSG00000104365	IKBKB	ENSG00000104365.15
25466	ENSG00000104755	ADAM2	ENSG00000104755.15
25467	ENSG00000120925	RNF170	ENSG00000120925.16
25475	ENSG00000137563	GGH	ENSG00000137563.12
25477	ENSG00000137573	SULF1	ENSG00000137573.14
25482	ENSG00000147465	STAR	ENSG00000147465.12
25494	ENSG00000147573	TRIM55	ENSG00000147573.17
25499	ENSG00000164808	SPIDR	ENSG00000164808.17
25512	ENSG00000168522	FNTA	ENSG00000168522.13
25537	ENSG00000181195	PENK	ENSG00000181195.11
25540	ENSG00000185697	MYBL1	ENSG00000185697.16
25553	ENSG00000198363	ASPH	ENSG00000198363.18
25569	ENSG00000205268	PDE7A	ENSG00000205268.10
25754	ENSG00000253729	PRKDC	ENSG00000253729.8
25946	ENSG00000104231	ZFAND1	ENSG00000104231.11
25976	ENSG00000133731	IMPA1	ENSG00000133731.10
25981	ENSG00000140396	NCOA2	ENSG00000140396.13
25983	ENSG00000147588	PMP2	ENSG00000147588.7
25989	ENSG00000147613	PSKH2	ENSG00000147613.8
26005	ENSG00000156482	RPL30	ENSG00000156482.11
26009	ENSG00000164684	ZNF704	ENSG00000164684.13
26013	ENSG00000164751	PEX2	ENSG00000164751.15
26015	ENSG00000164823	OSGIN2	ENSG00000164823.11
26020	ENSG00000164924	YWHAZ	ENSG00000164924.18
26025	ENSG00000164951	PDP1	ENSG00000164951.16
26042	ENSG00000180694	TMEM64	ENSG00000180694.14
26066	ENSG00000205133	TRIQK	ENSG00000205133.12
26437	ENSG00000042832	TG	ENSG00000042832.12
26448	ENSG00000104490	NCALD	ENSG00000104490.18
26469	ENSG00000147650	LRP12	ENSG00000147650.11
26470	ENSG00000147654	EBAG9	ENSG00000147654.15
26471	ENSG00000147655	RSPO2	ENSG00000147655.12
26479	ENSG00000147724	FAM135B	ENSG00000147724.12
26482	ENSG00000154188	ANGPT1	ENSG00000154188.10
26484	ENSG00000155090	KLF10	ENSG00000155090.15
26486	ENSG00000155097	ATP6V1C1	ENSG00000155097.12
26492	ENSG00000156802	ATAD2	ENSG00000156802.13
26494	ENSG00000156831	NSMCE2	ENSG00000156831.8
26506	ENSG00000164933	SLC25A32	ENSG00000164933.12
26515	ENSG00000169398	PTK2	ENSG00000169398.19
26532	ENSG00000178764	ZHX2	ENSG00000178764.8
26555	ENSG00000205002	AARD	ENSG00000205002.4
26940	ENSG00000096968	JAK2	ENSG00000096968.13
26957	ENSG00000107099	DOCK8	ENSG00000107099.15
26958	ENSG00000107104	KANK1	ENSG00000107104.19
26969	ENSG00000120242	IFNA8	ENSG00000120242.4
26979	ENSG00000147789	ZNF7	ENSG00000147789.15
26987	ENSG00000147869	CER1	ENSG00000147869.5
26996	ENSG00000155876	RRAGA	ENSG00000155876.6
26997	ENSG00000155886	SLC24A2	ENSG00000155886.11
27003	ENSG00000160949	TONSL	ENSG00000160949.17
27009	ENSG00000164946	FREM1	ENSG00000164946.19
27013	ENSG00000167653	PSCA	ENSG00000167653.5
27015	ENSG00000167700	MFSD3	ENSG00000167700.9
27025	ENSG00000171855	IFNB1	ENSG00000171855.7
27028	ENSG00000173068	BNC2	ENSG00000173068.18
27032	ENSG00000176956	LY6H	ENSG00000176956.12
27036	ENSG00000178031	ADAMTSL1	ENSG00000178031.17
27049	ENSG00000179832	MROH1	ENSG00000179832.17
27066	ENSG00000183354	KIAA2026	ENSG00000183354.12
27071	ENSG00000185000	DGAT1	ENSG00000185000.12
27437	ENSG00000086062	B4GALT1	ENSG00000086062.12
27438	ENSG00000086065	CHMP5	ENSG00000086065.14
27443	ENSG00000107140	TESK1	ENSG00000107140.16
27452	ENSG00000120156	TEK	ENSG00000120156.21
27456	ENSG00000122692	SMU1	ENSG00000122692.9
27457	ENSG00000122694	GLIPR2	ENSG00000122694.16
27476	ENSG00000137077	CCL21	ENSG00000137077.8
27478	ENSG00000137094	DNAJB5	ENSG00000137094.14
27482	ENSG00000137103	TMEM8B	ENSG00000137103.20
27485	ENSG00000137133	HINT2	ENSG00000137133.11
27499	ENSG00000164967	RPP25L	ENSG00000164967.10
27500	ENSG00000164970	FAM219A	ENSG00000164970.15
27565	ENSG00000205143	ARID3C	ENSG00000205143.3
27947	ENSG00000119125	GDA	ENSG00000119125.16
27958	ENSG00000135018	UBQLN1	ENSG00000135018.14
27962	ENSG00000135047	CTSL	ENSG00000135047.15
27964	ENSG00000135049	AGTPBP1	ENSG00000135049.15
27971	ENSG00000148053	NTRK2	ENSG00000148053.16
27983	ENSG00000165025	SYK	ENSG00000165025.15
27986	ENSG00000165060	FXN	ENSG00000165060.14
28016	ENSG00000187210	GCNT1	ENSG00000187210.14
28075	ENSG00000214929	SPATA31D1	ENSG00000214929.4
28442	ENSG00000081386	ZNF510	ENSG00000081386.12
28444	ENSG00000095209	TMEM38B	ENSG00000095209.12
28456	ENSG00000106799	TGFBR1	ENSG00000106799.13
28478	ENSG00000119446	RBM18	ENSG00000119446.14
28479	ENSG00000119457	SLC46A2	ENSG00000119457.8
28481	ENSG00000119508	NR4A3	ENSG00000119508.18
28491	ENSG00000131668	BARX1	ENSG00000131668.14
28507	ENSG00000136870	ZNF189	ENSG00000136870.10
28508	ENSG00000136872	ALDOB	ENSG00000136872.20
28511	ENSG00000136881	BAAT	ENSG00000136881.11
28513	ENSG00000136888	ATP6V1G1	ENSG00000136888.7
28529	ENSG00000148143	ZNF462	ENSG00000148143.13
28590	ENSG00000188938	FAM120AOS	ENSG00000188938.17
28592	ENSG00000196116	TDRD7	ENSG00000196116.8
28632	ENSG00000204291	COL15A1	ENSG00000204291.11
28930	ENSG00000044574	HSPA5	ENSG00000044574.8
28933	ENSG00000054179	ENTPD2	ENSG00000054179.12
28939	ENSG00000097007	ABL1	ENSG00000097007.19
28946	ENSG00000107147	KCNT1	ENSG00000107147.13
28952	ENSG00000107290	SETX	ENSG00000107290.14
28956	ENSG00000119335	SET	ENSG00000119335.16
28971	ENSG00000125485	DDX31	ENSG00000125485.17
28976	ENSG00000127191	TRAF2	ENSG00000127191.18
28987	ENSG00000130723	PRRC2B	ENSG00000130723.20
28989	ENSG00000136807	CDK9	ENSG00000136807.14
28993	ENSG00000136827	TOR1A	ENSG00000136827.12
29005	ENSG00000136930	PSMB7	ENSG00000136930.13
29021	ENSG00000148296	SURF6	ENSG00000148296.7
29028	ENSG00000148335	NTMT1	ENSG00000148335.14
29049	ENSG00000160326	SLC2A6	ENSG00000160326.14
29053	ENSG00000160360	GPSM1	ENSG00000160360.13
29055	ENSG00000160404	TOR2A	ENSG00000160404.18
29068	ENSG00000165684	SNAPC4	ENSG00000165684.4
29084	ENSG00000167114	SLC27A4	ENSG00000167114.13
29089	ENSG00000167157	PRRX2	ENSG00000167157.11
29090	ENSG00000169155	ZBTB43	ENSG00000169155.10
29092	ENSG00000169692	AGPAT2	ENSG00000169692.13
29093	ENSG00000169925	BRD3	ENSG00000169925.17
29095	ENSG00000170835	CEL	ENSG00000170835.15
29138	ENSG00000187239	FNBP1	ENSG00000187239.17
29141	ENSG00000187713	TMEM203	ENSG00000187713.7
29152	ENSG00000188833	ENTPD8	ENSG00000188833.9
29157	ENSG00000196363	WDR5	ENSG00000196363.9
29170	ENSG00000198113	TOR4A	ENSG00000198113.3
29202	ENSG00000212864	RNF208	ENSG00000212864.3
29434	ENSG00000065675	PRKCQ	ENSG00000065675.15
29437	ENSG00000067064	IDI1	ENSG00000067064.11
29438	ENSG00000067082	KLF6	ENSG00000067082.15
29442	ENSG00000078114	NEBL	ENSG00000078114.18
29451	ENSG00000107614	TRDMT1	ENSG00000107614.22
29454	ENSG00000107897	ACBD5	ENSG00000107897.19
29467	ENSG00000134460	IL2RA	ENSG00000134460.18
29488	ENSG00000148484	RSU1	ENSG00000148484.18
29496	ENSG00000151465	CDC123	ENSG00000151465.14
29503	ENSG00000152455	SUV39H2	ENSG00000152455.16
29511	ENSG00000165568	AKR1E2	ENSG00000165568.18
29512	ENSG00000165609	NUDT5	ENSG00000165609.13
29519	ENSG00000165983	PTER	ENSG00000165983.14
29526	ENSG00000169126	ARMC4	ENSG00000169126.16
29538	ENSG00000181090	EHMT1	ENSG00000181090.21
29539	ENSG00000181192	DHTKD1	ENSG00000181192.12
29935	ENSG00000107551	RASSF4	ENSG00000107551.21
29937	ENSG00000107643	MAPK8	ENSG00000107643.16
29939	ENSG00000107968	MAP3K8	ENSG00000107968.10
29953	ENSG00000148513	ANKRD30A	ENSG00000148513.18
29954	ENSG00000148516	ZEB1	ENSG00000148516.21
29973	ENSG00000165731	RET	ENSG00000165731.20
30027	ENSG00000204174	NPY4R	ENSG00000204174.8
30304	ENSG00000256574	OR13A1	ENSG00000256574.8
30424	ENSG00000035403	VCL	ENSG00000035403.17
30430	ENSG00000079332	SAR1A	ENSG00000079332.15
30432	ENSG00000096717	SIRT1	ENSG00000096717.12
30469	ENSG00000133665	DYDC2	ENSG00000133665.13
30487	ENSG00000148606	POLR3A	ENSG00000148606.13
30505	ENSG00000156502	SUPV3L1	ENSG00000156502.14
30506	ENSG00000156510	HKDC1	ENSG00000156510.13
30532	ENSG00000170312	CDK1	ENSG00000170312.16
30541	ENSG00000176986	SEC24C	ENSG00000176986.16
30550	ENSG00000182180	MRPS16	ENSG00000182180.14
30552	ENSG00000183230	CTNNA3	ENSG00000183230.17
30556	ENSG00000185737	NRG3	ENSG00000185737.13
30567	ENSG00000198246	SLC29A3	ENSG00000198246.9
30934	ENSG00000075826	SEC31B	ENSG00000075826.17
30935	ENSG00000075891	PAX2	ENSG00000075891.21
30943	ENSG00000095585	BLNK	ENSG00000095585.16
30944	ENSG00000095587	TLL2	ENSG00000095587.9
30968	ENSG00000107854	TNKS2	ENSG00000107854.6
30992	ENSG00000119927	GPAM	ENSG00000119927.14
31009	ENSG00000138107	ACTR1A	ENSG00000138107.13
31019	ENSG00000138160	KIF11	ENSG00000138160.6
31028	ENSG00000138207	RBP4	ENSG00000138207.14
31041	ENSG00000148843	PDCD11	ENSG00000148843.15
31056	ENSG00000155629	PIK3AP1	ENSG00000155629.15
31067	ENSG00000166135	HIF1AN	ENSG00000166135.14
31069	ENSG00000166167	BTRC	ENSG00000166167.18
31073	ENSG00000166197	NOLC1	ENSG00000166197.16
31082	ENSG00000171862	PTEN	ENSG00000171862.11
31083	ENSG00000172987	HPSE2	ENSG00000172987.12
31088	ENSG00000174721	FGFBP3	ENSG00000174721.10
31101	ENSG00000185745	IFIT1	ENSG00000185745.10
31104	ENSG00000186862	PDZD7	ENSG00000186862.20
31117	ENSG00000198682	PAPSS2	ENSG00000198682.13
31159	ENSG00000213341	CHUK	ENSG00000213341.11
31421	ENSG00000019995	ZRANB1	ENSG00000019995.6
31425	ENSG00000066468	FGFR2	ENSG00000066468.22
31429	ENSG00000070047	PHRF1	ENSG00000070047.13
31431	ENSG00000089876	DHX32	ENSG00000089876.12
31449	ENSG00000117983	MUC5B	ENSG00000117983.17
31455	ENSG00000121898	CPXM2	ENSG00000121898.13
31456	ENSG00000127884	ECHS1	ENSG00000127884.5
31457	ENSG00000130592	LSP1	ENSG00000130592.15
31471	ENSG00000148702	HABP2	ENSG00000148702.15
31483	ENSG00000149043	SYT8	ENSG00000149043.16
31487	ENSG00000151650	VENTX	ENSG00000151650.8
31493	ENSG00000154473	BUB3	ENSG00000154473.18
31501	ENSG00000165669	FAM204A	ENSG00000165669.14
31504	ENSG00000165806	CASP7	ENSG00000165806.20
31508	ENSG00000165832	TRUB1	ENSG00000165832.6
31511	ENSG00000166033	HTRA1	ENSG00000166033.13
31518	ENSG00000171798	KNDC1	ENSG00000171798.18
31521	ENSG00000174672	BRSK2	ENSG00000174672.16
31527	ENSG00000175470	PPP2R2D	ENSG00000175470.20
31528	ENSG00000175535	PNLIP	ENSG00000175535.6
31574	ENSG00000186795	KCNK18	ENSG00000186795.1
31577	ENSG00000187908	DMBT1	ENSG00000187908.19
31592	ENSG00000197771	MCMBP	ENSG00000197771.12
31606	ENSG00000203772	SPRN	ENSG00000203772.7
31607	ENSG00000203780	FANK1	ENSG00000203780.11
31613	ENSG00000205864	KRTAP5-6	ENSG00000205864.1
31628	ENSG00000214026	MRPL23	ENSG00000214026.11
31920	ENSG00000005801	ZNF195	ENSG00000005801.18
31921	ENSG00000006071	ABCC8	ENSG00000006071.14
31924	ENSG00000021762	OSBPL5	ENSG00000021762.20
31930	ENSG00000070985	TRPM5	ENSG00000070985.13
31943	ENSG00000110680	CALCA	ENSG00000110680.12
31966	ENSG00000133789	SWAP70	ENSG00000133789.15
31980	ENSG00000152270	PDE3B	ENSG00000152270.9
31994	ENSG00000166405	RIC3	ENSG00000166405.15
31995	ENSG00000166407	LMO1	ENSG00000166407.14
31997	ENSG00000166436	TRIM66	ENSG00000166436.16
32003	ENSG00000166483	WEE1	ENSG00000166483.11
32008	ENSG00000167323	STIM1	ENSG00000167323.11
32035	ENSG00000175868	CALCB	ENSG00000175868.14
32040	ENSG00000176742	OR51V1	ENSG00000176742.2
32049	ENSG00000176922	OR51S1	ENSG00000176922.4
32058	ENSG00000180785	OR51E1	ENSG00000180785.10
32102	ENSG00000187918	OR51I2	ENSG00000187918.5
32117	ENSG00000197702	PARVA	ENSG00000197702.14
32139	ENSG00000205339	IPO7	ENSG00000205339.10
32426	ENSG00000052841	TTC17	ENSG00000052841.15
32433	ENSG00000085117	CD82	ENSG00000085117.12
32437	ENSG00000109881	CCDC34	ENSG00000109881.17
32450	ENSG00000110514	MADD	ENSG00000110514.19
32457	ENSG00000121671	CRY2	ENSG00000121671.12
32470	ENSG00000134569	LRP4	ENSG00000134569.10
32472	ENSG00000134574	DDB2	ENSG00000134574.11
32496	ENSG00000149187	CELF1	ENSG00000149187.18
32498	ENSG00000151117	TMEM86A	ENSG00000151117.9
32504	ENSG00000165912	PACSIN3	ENSG00000165912.16
32507	ENSG00000165917	RAPSN	ENSG00000165917.10
32510	ENSG00000165973	NELL1	ENSG00000165973.19
32537	ENSG00000175264	CHST1	ENSG00000175264.8
32548	ENSG00000177054	ZDHHC13	ENSG00000177054.14
32553	ENSG00000179431	FJX1	ENSG00000179431.7
32556	ENSG00000180210	F2	ENSG00000180210.15
32560	ENSG00000182255	KCNA4	ENSG00000182255.7
32562	ENSG00000183161	FANCF	ENSG00000183161.6
32570	ENSG00000186714	CCDC73	ENSG00000186714.12
32591	ENSG00000205213	LGR4	ENSG00000205213.14
32917	ENSG00000006118	TMEM132A	ENSG00000006118.14
32920	ENSG00000071203	MS4A12	ENSG00000071203.9
32924	ENSG00000110031	LPXN	ENSG00000110031.12
32932	ENSG00000110446	SLC15A3	ENSG00000110446.11
32939	ENSG00000124935	SCGB1D2	ENSG00000124935.4
32942	ENSG00000133316	WDR74	ENSG00000133316.15
32949	ENSG00000134825	TMEM258	ENSG00000134825.16
32957	ENSG00000149136	SSRP1	ENSG00000149136.9
32959	ENSG00000149452	SLC22A8	ENSG00000149452.16
32964	ENSG00000149489	ROM1	ENSG00000149489.8
32966	ENSG00000149503	INCENP	ENSG00000149503.13
32967	ENSG00000149506	ZP1	ENSG00000149506.11
32978	ENSG00000156599	ZDHHC5	ENSG00000156599.11
32979	ENSG00000156603	MED19	ENSG00000156603.18
32984	ENSG00000162174	ASRGL1	ENSG00000162174.12
32985	ENSG00000162188	GNG3	ENSG00000162188.6
32999	ENSG00000166900	STX3	ENSG00000166900.17
33001	ENSG00000166926	MS4A6E	ENSG00000166926.8
33004	ENSG00000166930	MS4A5	ENSG00000166930.7
33017	ENSG00000168002	POLR2G	ENSG00000168002.12
33068	ENSG00000181939	OR4C15	ENSG00000181939.3
33076	ENSG00000183134	PTGDR2	ENSG00000183134.5
33077	ENSG00000183908	LRRC55	ENSG00000183908.7
33081	ENSG00000185475	TMEM179B	ENSG00000185475.11
33085	ENSG00000186113	OR5D14	ENSG00000186113.1
33098	ENSG00000189057	FAM111B	ENSG00000189057.11
33101	ENSG00000197629	MPEG1	ENSG00000197629.6
33418	ENSG00000014216	CAPN1	ENSG00000014216.15
33438	ENSG00000110076	NRXN2	ENSG00000110076.19
33440	ENSG00000110092	CCND1	ENSG00000110092.4
33449	ENSG00000110719	TCIRG1	ENSG00000110719.10
33450	ENSG00000110721	CHKA	ENSG00000110721.12
33456	ENSG00000132740	IGHMBP2	ENSG00000132740.8
33458	ENSG00000132746	ALDH3B2	ENSG00000132746.15
33490	ENSG00000162241	SLC25A45	ENSG00000162241.12
33499	ENSG00000165462	PHOX2A	ENSG00000165462.5
33511	ENSG00000168056	LTBP3	ENSG00000168056.16
33517	ENSG00000168067	MAP4K2	ENSG00000168067.12
33523	ENSG00000171631	P2RY6	ENSG00000171631.14
33532	ENSG00000172725	CORO1B	ENSG00000172725.14
33536	ENSG00000172818	OVOL1	ENSG00000172818.10
33545	ENSG00000172938	MRGPRD	ENSG00000172938.3
33550	ENSG00000173120	KDM2A	ENSG00000173120.15
33555	ENSG00000173264	GPR137	ENSG00000173264.14
33580	ENSG00000174669	SLC29A2	ENSG00000174669.12
33589	ENSG00000175115	PACS1	ENSG00000175115.12
33596	ENSG00000175467	SART1	ENSG00000175467.15
33600	ENSG00000175514	GPR152	ENSG00000175514.2
33606	ENSG00000175582	RAB6A	ENSG00000175582.19
33615	ENSG00000179292	TMEM151A	ENSG00000179292.5
33922	ENSG00000077458	FAM76B	ENSG00000077458.13
33925	ENSG00000077616	NAALAD2	ENSG00000077616.11
33943	ENSG00000137486	ARRB1	ENSG00000137486.17
33947	ENSG00000137500	CCDC90B	ENSG00000137500.9
33951	ENSG00000137507	LRRC32	ENSG00000137507.11
33965	ENSG00000149269	PAK1	ENSG00000149269.9
33979	ENSG00000159063	ALG8	ENSG00000159063.13
33984	ENSG00000165490	DDIAS	ENSG00000165490.13
33998	ENSG00000168876	ANKRD49	ENSG00000168876.9
34426	ENSG00000109917	ZPR1	ENSG00000109917.11
34429	ENSG00000109943	CRTAM	ENSG00000109943.9
34438	ENSG00000110330	BIRC2	ENSG00000110330.8
34440	ENSG00000110367	DDX6	ENSG00000110367.13
34453	ENSG00000118181	RPS25	ENSG00000118181.11
34477	ENSG00000137752	CASP1	ENSG00000137752.24
34482	ENSG00000149294	NCAM1	ENSG00000149294.16
34487	ENSG00000149311	ATM	ENSG00000149311.18
34498	ENSG00000150764	DIXDC1	ENSG00000150764.14
34509	ENSG00000152578	GRIA4	ENSG00000152578.13
34511	ENSG00000154114	TBCEL	ENSG00000154114.12
34512	ENSG00000154127	UBASH3B	ENSG00000154127.10
34514	ENSG00000160588	MPZL3	ENSG00000160588.10
34523	ENSG00000166261	ZNF202	ENSG00000166261.11
34564	ENSG00000186174	BCL9L	ENSG00000186174.12
34572	ENSG00000196611	MMP1	ENSG00000196611.5
34594	ENSG00000204381	LAYN	ENSG00000204381.11
34917	ENSG00000010379	SLC6A13	ENSG00000010379.16
34920	ENSG00000011105	TSPAN9	ENSG00000011105.14
34927	ENSG00000064199	SPA17	ENSG00000064199.6
34933	ENSG00000080854	IGSF9B	ENSG00000080854.15
34935	ENSG00000084234	APLP2	ENSG00000084234.17
34938	ENSG00000109832	DDX25	ENSG00000109832.14
34972	ENSG00000111674	ENO2	ENSG00000111674.9
34973	ENSG00000111676	ATN1	ENSG00000111676.15
34975	ENSG00000111679	PTPN6	ENSG00000111679.17
34977	ENSG00000111701	APOBEC1	ENSG00000111701.7
34986	ENSG00000120645	IQSEC3	ENSG00000120645.12
34990	ENSG00000130035	GALNT8	ENSG00000130035.8
34994	ENSG00000134909	ARHGAP32	ENSG00000134909.18
34997	ENSG00000134940	ACRV1	ENSG00000134940.14
35001	ENSG00000139178	C1RL	ENSG00000139178.11
35014	ENSG00000149554	CHEK1	ENSG00000149554.13
35036	ENSG00000159335	PTMS	ENSG00000159335.16
35038	ENSG00000165478	HEPACAM	ENSG00000165478.7
35047	ENSG00000170325	PRDM10	ENSG00000170325.14
35048	ENSG00000170953	OR8B12	ENSG00000170953.3
35071	ENSG00000185652	NTF3	ENSG00000185652.12
35078	ENSG00000196323	ZBTB44	ENSG00000196323.14
35082	ENSG00000197125	OR8B8	ENSG00000197125.3
35102	ENSG00000205857	NANOGNB	ENSG00000205857.2
35113	ENSG00000215009	ACSM4	ENSG00000215009.5
35424	ENSG00000064115	TM7SF3	ENSG00000064115.11
35433	ENSG00000084463	WBP11	ENSG00000084463.8
35442	ENSG00000111215	PRR4	ENSG00000111215.12
35452	ENSG00000111348	ARHGDIB	ENSG00000111348.9
35465	ENSG00000111790	FGFR1OP2	ENSG00000111790.14
35475	ENSG00000121351	IAPP	ENSG00000121351.8
35508	ENSG00000150048	CLEC1A	ENSG00000150048.10
35518	ENSG00000166523	CLEC4E	ENSG00000166523.8
35519	ENSG00000166527	CLEC4D	ENSG00000166527.8
35530	ENSG00000175899	A2M	ENSG00000175899.14
35542	ENSG00000184293	CLECL1	ENSG00000184293.7
35543	ENSG00000186136	TAS2R42	ENSG00000186136.1
35549	ENSG00000197614	MFAP5	ENSG00000197614.11
35915	ENSG00000050426	LETMD1	ENSG00000050426.16
35918	ENSG00000061273	HDAC7	ENSG00000061273.18
35922	ENSG00000079387	SENP1	ENSG00000079387.14
35953	ENSG00000135443	KRT85	ENSG00000135443.8
35956	ENSG00000135472	FAIM2	ENSG00000135472.9
35961	ENSG00000139116	KIF21A	ENSG00000139116.18
35984	ENSG00000139644	TMBIM6	ENSG00000139644.13
35995	ENSG00000161813	LARP4	ENSG00000161813.22
35997	ENSG00000161849	KRT84	ENSG00000161849.3
36006	ENSG00000167553	TUBA1C	ENSG00000167553.15
36019	ENSG00000170486	KRT72	ENSG00000170486.11
36021	ENSG00000170545	SMAGP	ENSG00000170545.17
36024	ENSG00000172867	KRT2	ENSG00000172867.4
36036	ENSG00000177981	ASB8	ENSG00000177981.11
36037	ENSG00000178401	DNAJC22	ENSG00000178401.16
36045	ENSG00000184613	NELL2	ENSG00000184613.10
36049	ENSG00000185958	FAM186A	ENSG00000185958.10
36412	ENSG00000061987	MON2	ENSG00000061987.16
36420	ENSG00000092841	MYL6	ENSG00000092841.18
36421	ENSG00000094914	AAAS	ENSG00000094914.14
36431	ENSG00000111481	COPZ1	ENSG00000111481.10
36434	ENSG00000111536	IL26	ENSG00000111536.5
36439	ENSG00000118596	SLC16A7	ENSG00000118596.12
36442	ENSG00000123307	NEUROD4	ENSG00000123307.4
36443	ENSG00000123329	ARHGAP9	ENSG00000123329.19
36449	ENSG00000123364	HOXC13	ENSG00000123364.5
36450	ENSG00000123374	CDK2	ENSG00000123374.11
36458	ENSG00000127311	HELB	ENSG00000127311.9
36464	ENSG00000135404	CD63	ENSG00000135404.11
36469	ENSG00000135423	GLS2	ENSG00000135423.13
36475	ENSG00000135446	CDK4	ENSG00000135446.17
36487	ENSG00000135655	USP15	ENSG00000135655.16
36491	ENSG00000139263	LRIG3	ENSG00000139263.11
36504	ENSG00000139631	CSAD	ENSG00000139631.18
36513	ENSG00000155974	GRIP1	ENSG00000155974.12
36515	ENSG00000156076	WIF1	ENSG00000156076.10
36525	ENSG00000166886	NAB2	ENSG00000166886.13
36537	ENSG00000170426	SDR9C7	ENSG00000170426.2
36545	ENSG00000170653	ATF7	ENSG00000170653.19
36549	ENSG00000174099	MSRB3	ENSG00000174099.11
36554	ENSG00000175203	DCTN2	ENSG00000175203.15
36574	ENSG00000183735	TBK1	ENSG00000183735.10
36585	ENSG00000186442	KRT3	ENSG00000186442.7
36588	ENSG00000196465	MYL6B	ENSG00000196465.10
36591	ENSG00000196935	SRGAP1	ENSG00000196935.9
36592	ENSG00000197111	PCBP2	ENSG00000197111.15
36907	ENSG00000012504	NR1H4	ENSG00000012504.15
36910	ENSG00000057704	TMCC3	ENSG00000057704.13
36918	ENSG00000074527	NTN4	ENSG00000074527.12
36919	ENSG00000075089	ACTR6	ENSG00000075089.9
36923	ENSG00000084110	HAL	ENSG00000084110.11
36934	ENSG00000111581	NUP107	ENSG00000111581.10
36935	ENSG00000111596	CNOT2	ENSG00000111596.13
36938	ENSG00000111647	UHRF1BP1L	ENSG00000111647.13
36959	ENSG00000133858	ZFC3H1	ENSG00000133858.16
36962	ENSG00000135679	MDM2	ENSG00000135679.25
36964	ENSG00000136021	SCYL2	ENSG00000136021.19
36969	ENSG00000139287	TPH2	ENSG00000139287.13
36970	ENSG00000139289	PHLDA1	ENSG00000139289.13
36972	ENSG00000139292	LGR5	ENSG00000139292.13
36992	ENSG00000166153	DEPDC4	ENSG00000166153.16
36993	ENSG00000166211	SPIC	ENSG00000166211.8
37024	ENSG00000196091	MYBPC1	ENSG00000196091.15
37086	ENSG00000231738	TSPAN19	ENSG00000231738.11
37129	ENSG00000253719	ATXN7L3B	ENSG00000253719.4
37417	ENSG00000084112	SSH1	ENSG00000084112.15
37419	ENSG00000088992	TESC	ENSG00000088992.18
37432	ENSG00000089169	RPH3A	ENSG00000089169.15
37445	ENSG00000110917	MLEC	ENSG00000110917.8
37450	ENSG00000111199	TRPV4	ENSG00000111199.11
37456	ENSG00000111252	SH2B3	ENSG00000111252.11
37489	ENSG00000130783	CCDC62	ENSG00000130783.14
37492	ENSG00000135093	USP30	ENSG00000135093.13
37507	ENSG00000136011	STAB2	ENSG00000136011.15
37508	ENSG00000136026	CKAP4	ENSG00000136026.14
37534	ENSG00000151148	UBE3B	ENSG00000151148.14
37545	ENSG00000166111	SVOP	ENSG00000166111.10
37550	ENSG00000170855	TRIAP1	ENSG00000170855.4
37551	ENSG00000170890	PLA2G1B	ENSG00000170890.14
37552	ENSG00000171310	CHST11	ENSG00000171310.11
37562	ENSG00000175727	MLXIP	ENSG00000175727.14
37568	ENSG00000179295	PTPN11	ENSG00000179295.17
37574	ENSG00000184445	KNTC1	ENSG00000184445.12
37575	ENSG00000185480	PARPBP	ENSG00000185480.11
37586	ENSG00000196917	HCAR1	ENSG00000196917.6
37941	ENSG00000139364	TMEM132B	ENSG00000139364.10
37950	ENSG00000151835	SACS	ENSG00000151835.16
37965	ENSG00000177192	PUS1	ENSG00000177192.14
37977	ENSG00000184209	SNRNP35	ENSG00000184209.15
37985	ENSG00000188026	RILPL1	ENSG00000188026.13
37990	ENSG00000196498	NCOR2	ENSG00000196498.13
38413	ENSG00000102710	SUPT20H	ENSG00000102710.20
38417	ENSG00000102755	FLT1	ENSG00000102755.12
38425	ENSG00000102804	TSC22D1	ENSG00000102804.15
38427	ENSG00000120659	TNFSF11	ENSG00000120659.15
38431	ENSG00000120675	DNAJC15	ENSG00000120675.6
38441	ENSG00000122025	FLT3	ENSG00000122025.15
38446	ENSG00000122042	UBL3	ENSG00000122042.10
38449	ENSG00000123178	SPRYD7	ENSG00000123178.15
38462	ENSG00000133083	DCLK1	ENSG00000133083.14
38463	ENSG00000133101	CCNA1	ENSG00000133101.10
38473	ENSG00000133115	STOML3	ENSG00000133115.12
38492	ENSG00000139514	SLC7A1	ENSG00000139514.13
38493	ENSG00000139515	PDX1	ENSG00000139515.6
38505	ENSG00000151773	CCDC122	ENSG00000151773.13
38509	ENSG00000152213	ARL11	ENSG00000152213.4
38513	ENSG00000165566	AMER2	ENSG00000165566.12
38520	ENSG00000172915	NBEA	ENSG00000172915.18
38523	ENSG00000174032	SLC25A30	ENSG00000174032.17
38532	ENSG00000179813	FAM216B	ENSG00000179813.7
38533	ENSG00000180138	CSNK1A1L	ENSG00000180138.7
38543	ENSG00000186047	DLEU7	ENSG00000186047.10
38546	ENSG00000188342	GTF2F2	ENSG00000188342.12
38550	ENSG00000198553	KCNRG	ENSG00000198553.9
38900	ENSG00000005810	MYCBP2	ENSG00000005810.18
38901	ENSG00000005812	FBXL3	ENSG00000005812.11
38914	ENSG00000102595	UGGT2	ENSG00000102595.20
38916	ENSG00000102805	CLN5	ENSG00000102805.15
38919	ENSG00000118922	KLF12	ENSG00000118922.17
38922	ENSG00000123191	ATP7B	ENSG00000123191.15
38924	ENSG00000125246	CLYBL	ENSG00000125246.15
38926	ENSG00000125257	ABCC4	ENSG00000125257.16
38935	ENSG00000136108	CKAP2	ENSG00000136108.15
38954	ENSG00000152192	POU4F1	ENSG00000152192.8
38959	ENSG00000165416	SUGT1	ENSG00000165416.14
38961	ENSG00000169508	GPR183	ENSG00000169508.7
38970	ENSG00000185352	HS6ST3	ENSG00000185352.8
39402	ENSG00000088448	ANKRD10	ENSG00000088448.14
39406	ENSG00000092201	SUPT16H	ENSG00000092201.10
39409	ENSG00000100823	APEX1	ENSG00000100823.12
39411	ENSG00000102452	NALCN	ENSG00000102452.17
39424	ENSG00000129484	PARP2	ENSG00000129484.13
39432	ENSG00000134899	ERCC5	ENSG00000134899.21
39444	ENSG00000150401	DCUN1D2	ENSG00000150401.15
39446	ENSG00000151287	TEX30	ENSG00000151287.17
39458	ENSG00000165801	ARHGEF40	ENSG00000165801.10
39460	ENSG00000165819	METTL3	ENSG00000165819.12
39465	ENSG00000169385	RNASE2	ENSG00000169385.3
39466	ENSG00000169397	RNASE3	ENSG00000169397.3
39481	ENSG00000176253	OR4K13	ENSG00000176253.3
39488	ENSG00000179636	TPPP2	ENSG00000179636.15
39498	ENSG00000184497	TMEM255B	ENSG00000184497.13
39903	ENSG00000092067	CEBPE	ENSG00000092067.5
39921	ENSG00000100462	PRMT5	ENSG00000100462.16
39925	ENSG00000100804	PSMB5	ENSG00000100804.19
39931	ENSG00000100883	SRP54	ENSG00000100883.12
39941	ENSG00000100918	REC8	ENSG00000100918.13
39957	ENSG00000129518	EAPP	ENSG00000129518.9
39960	ENSG00000129535	NRL	ENSG00000129535.12
39963	ENSG00000136305	CIDEB	ENSG00000136305.11
39966	ENSG00000136367	ZFHX2	ENSG00000136367.14
39983	ENSG00000155463	OXA1L	ENSG00000155463.14
39989	ENSG00000165355	FBXO33	ENSG00000165355.7
40012	ENSG00000187790	FANCM	ENSG00000187790.11
40014	ENSG00000189139	FSCB	ENSG00000189139.6
40405	ENSG00000053770	AP5M1	ENSG00000053770.12
40447	ENSG00000100625	SIX4	ENSG00000100625.9
40451	ENSG00000100647	SUSD6	ENSG00000100647.8
40456	ENSG00000100731	PCNX1	ENSG00000100731.16
40464	ENSG00000126777	KTN1	ENSG00000126777.18
40469	ENSG00000126803	HSPA2	ENSG00000126803.9
40482	ENSG00000134001	EIF2S1	ENSG00000134001.14
40485	ENSG00000139926	FRMD6	ENSG00000139926.15
40493	ENSG00000139988	RDH12	ENSG00000139988.10
40516	ENSG00000172717	FAM71D	ENSG00000172717.16
40520	ENSG00000178974	FBXO34	ENSG00000178974.10
40536	ENSG00000186469	GNG2	ENSG00000186469.8
40543	ENSG00000197930	ERO1A	ENSG00000197930.13
40544	ENSG00000198133	TMEM229B	ENSG00000198133.8
40903	ENSG00000054983	GALC	ENSG00000054983.17
40921	ENSG00000100583	SAMD15	ENSG00000100583.4
40924	ENSG00000100596	SPTLC2	ENSG00000100596.6
40930	ENSG00000100605	ITPK1	ENSG00000100605.17
40931	ENSG00000100628	ASB2	ENSG00000100628.12
40941	ENSG00000100767	PAPLN	ENSG00000100767.16
40947	ENSG00000119608	PROX2	ENSG00000119608.13
40951	ENSG00000119632	IFI27L2	ENSG00000119632.4
40967	ENSG00000119689	DLST	ENSG00000119689.15
40970	ENSG00000119703	ZC2HC1C	ENSG00000119703.15
40986	ENSG00000133962	CATSPERB	ENSG00000133962.8
40988	ENSG00000140022	STON2	ENSG00000140022.13
40993	ENSG00000140057	AK7	ENSG00000140057.9
41007	ENSG00000165533	TTC8	ENSG00000165533.18
41016	ENSG00000165943	MOAP1	ENSG00000165943.5
41020	ENSG00000165959	CLMN	ENSG00000165959.12
41023	ENSG00000170099	SERPINA6	ENSG00000170099.6
41037	ENSG00000182512	GLRX5	ENSG00000182512.5
41040	ENSG00000183648	NDUFB1	ENSG00000183648.11
41045	ENSG00000187105	HEATR4	ENSG00000187105.8
41398	ENSG00000080823	MOK	ENSG00000080823.23
41399	ENSG00000080824	HSP90AA1	ENSG00000080824.18
41403	ENSG00000100664	EIF5	ENSG00000100664.11
41408	ENSG00000126215	XRCC3	ENSG00000126215.14
41414	ENSG00000142208	AKT1	ENSG00000142208.16
41439	ENSG00000184990	SIVA1	ENSG00000184990.13
41894	ENSG00000104067	TJP1	ENSG00000104067.16
41895	ENSG00000114062	UBE3A	ENSG00000114062.20
41905	ENSG00000166923	GREM1	ENSG00000166923.12
41908	ENSG00000170113	NIPA1	ENSG00000170113.16
41919	ENSG00000182256	GABRG3	ENSG00000182256.13
41920	ENSG00000182636	NDN	ENSG00000182636.8
41985	ENSG00000206190	ATP10A	ENSG00000206190.12
42392	ENSG00000062524	LTK	ENSG00000062524.16
42407	ENSG00000103995	CEP152	ENSG00000103995.14
42413	ENSG00000104093	DMXL2	ENSG00000104093.13
42432	ENSG00000128928	IVD	ENSG00000128928.10
42439	ENSG00000134153	EMC7	ENSG00000134153.10
42448	ENSG00000137815	RTF1	ENSG00000137815.14
42454	ENSG00000137843	PAK6	ENSG00000137843.12
42462	ENSG00000137880	GCHFR	ENSG00000137880.6
42469	ENSG00000140199	SLC12A6	ENSG00000140199.12
42477	ENSG00000140280	LYSMD2	ENSG00000140280.14
42480	ENSG00000140287	HDC	ENSG00000140287.11
42514	ENSG00000166963	MAP1A	ENSG00000166963.13
42522	ENSG00000169105	CHST14	ENSG00000169105.7
42526	ENSG00000171763	SPATA5L1	ENSG00000171763.19
42541	ENSG00000182117	NOP10	ENSG00000182117.5
42891	ENSG00000033800	PIAS1	ENSG00000033800.13
42902	ENSG00000074410	CA12	ENSG00000074410.14
42903	ENSG00000074603	DPP8	ENSG00000074603.19
42905	ENSG00000074696	HACD3	ENSG00000074696.13
42933	ENSG00000137764	MAP2K5	ENSG00000137764.20
42935	ENSG00000137776	SLTM	ENSG00000137776.17
42945	ENSG00000137845	ADAM10	ENSG00000137845.15
42946	ENSG00000137868	STRA6	ENSG00000137868.19
42947	ENSG00000137871	ZNF280D	ENSG00000137871.20
42968	ENSG00000140463	BBS4	ENSG00000140463.14
42978	ENSG00000157734	SNX22	ENSG00000157734.14
42979	ENSG00000157890	MEGF11	ENSG00000157890.17
43000	ENSG00000169018	FEM1B	ENSG00000169018.6
43001	ENSG00000169032	MAP2K1	ENSG00000169032.9
43007	ENSG00000171989	LDHAL6B	ENSG00000171989.6
43008	ENSG00000174442	ZWILCH	ENSG00000174442.12
43012	ENSG00000174498	IGDCC3	ENSG00000174498.14
43391	ENSG00000073417	PDE8A	ENSG00000073417.15
43411	ENSG00000138621	PPCDC	ENSG00000138621.12
43423	ENSG00000140400	MAN2C1	ENSG00000140400.17
43429	ENSG00000140497	SCAMP2	ENSG00000140497.16
43430	ENSG00000140505	CYP1A2	ENSG00000140505.7
43434	ENSG00000140521	POLG	ENSG00000140521.15
43440	ENSG00000140538	NTRK3	ENSG00000140538.16
43457	ENSG00000159556	ISL2	ENSG00000159556.10
43466	ENSG00000166823	MESP1	ENSG00000166823.5
43488	ENSG00000172379	ARNT2	ENSG00000172379.21
43497	ENSG00000177971	IMP3	ENSG00000177971.8
43499	ENSG00000178741	COX5A	ENSG00000178741.12
43508	ENSG00000182054	IDH2	ENSG00000182054.9
43515	ENSG00000183496	MEX3B	ENSG00000183496.6
43524	ENSG00000188095	MESP2	ENSG00000188095.6
43528	ENSG00000188869	TMC3	ENSG00000188869.13
43664	ENSG00000259494	MRPL46	ENSG00000259494.2
43887	ENSG00000005513	SOX8	ENSG00000005513.10
43889	ENSG00000007384	RHBDF1	ENSG00000007384.15
43899	ENSG00000065057	NTHL1	ENSG00000065057.9
43905	ENSG00000090565	RAB11FIP3	ENSG00000090565.16
43934	ENSG00000127580	WDR24	ENSG00000127580.17
43947	ENSG00000140443	IGF1R	ENSG00000140443.15
43950	ENSG00000140471	LINS1	ENSG00000140471.17
43962	ENSG00000161981	SNRNP25	ENSG00000161981.11
43997	ENSG00000180185	FAHD1	ENSG00000180185.11
43999	ENSG00000182253	SYNM	ENSG00000182253.15
44009	ENSG00000183971	NPW	ENSG00000183971.8
44015	ENSG00000184471	C1QTNF8	ENSG00000184471.8
44019	ENSG00000185551	NR2F2	ENSG00000185551.15
44087	ENSG00000242612	DECR2	ENSG00000242612.7
44387	ENSG00000005339	CREBBP	ENSG00000005339.15
44388	ENSG00000006007	GDE1	ENSG00000006007.12
44396	ENSG00000038532	CLEC16A	ENSG00000038532.16
44404	ENSG00000069764	PLA2G10	ENSG00000069764.9
44409	ENSG00000089486	CDIP1	ENSG00000089486.17
44410	ENSG00000090447	TFAP4	ENSG00000090447.12
44425	ENSG00000103381	CPPED1	ENSG00000103381.12
44426	ENSG00000103415	HMOX2	ENSG00000103415.12
44429	ENSG00000103429	BFAR	ENSG00000103429.11
44441	ENSG00000122304	PRM2	ENSG00000122304.10
44445	ENSG00000126603	GLIS2	ENSG00000126603.8
44454	ENSG00000140632	GLYR1	ENSG00000140632.17
44455	ENSG00000140650	PMM2	ENSG00000140650.12
44456	ENSG00000140694	PARN	ENSG00000140694.17
44476	ENSG00000166676	TVP23A	ENSG00000166676.16
44515	ENSG00000183747	ACSM2A	ENSG00000183747.12
44523	ENSG00000185338	SOCS1	ENSG00000185338.6
44886	ENSG00000004779	NDUFAB1	ENSG00000004779.10
44892	ENSG00000047578	KIAA0556	ENSG00000047578.13
44899	ENSG00000083093	PALB2	ENSG00000083093.10
44906	ENSG00000099381	SETD1A	ENSG00000099381.18
44910	ENSG00000102882	MAPK3	ENSG00000102882.12
44923	ENSG00000103490	PYCARD	ENSG00000103490.14
44938	ENSG00000140682	TGFB1I1	ENSG00000140682.19
44955	ENSG00000155592	ZKSCAN2	ENSG00000155592.16
44957	ENSG00000155714	PDZD9	ENSG00000155714.13
44962	ENSG00000156873	PHKG2	ENSG00000156873.16
44966	ENSG00000158486	DNAH3	ENSG00000158486.13
44968	ENSG00000166501	PRKCB	ENSG00000166501.14
44970	ENSG00000166847	DCTN5	ENSG00000166847.10
44971	ENSG00000166851	PLK1	ENSG00000166851.15
44983	ENSG00000169189	NSMCE1	ENSG00000169189.17
44985	ENSG00000169217	CD2BP2	ENSG00000169217.9
44999	ENSG00000174943	KCTD13	ENSG00000174943.11
45010	ENSG00000177548	RABEP2	ENSG00000177548.13
45011	ENSG00000178188	SH2B1	ENSG00000178188.14
45395	ENSG00000069329	VPS35	ENSG00000069329.18
45403	ENSG00000087245	MMP2	ENSG00000087245.13
45413	ENSG00000102910	LONP2	ENSG00000102910.14
45428	ENSG00000103042	SLC38A7	ENSG00000103042.9
45431	ENSG00000103479	RBL2	ENSG00000103479.16
45438	ENSG00000125124	BBS2	ENSG00000125124.12
45443	ENSG00000135736	CCDC102A	ENSG00000135736.6
45456	ENSG00000159461	AMFR	ENSG00000159461.15
45468	ENSG00000167208	SNX20	ENSG00000167208.15
45474	ENSG00000176842	IRX5	ENSG00000176842.15
45475	ENSG00000177200	CHD9	ENSG00000177200.17
45476	ENSG00000177508	IRX3	ENSG00000177508.12
45493	ENSG00000205358	MT1H	ENSG00000205358.3
45898	ENSG00000034713	GABARAPL2	ENSG00000034713.8
45900	ENSG00000039068	CDH1	ENSG00000039068.19
45913	ENSG00000102871	TRADD	ENSG00000102871.16
45925	ENSG00000103018	CYB5B	ENSG00000103018.17
45945	ENSG00000132600	PRMT7	ENSG00000132600.16
45958	ENSG00000140835	CHST4	ENSG00000140835.9
45971	ENSG00000141098	GFOD2	ENSG00000141098.13
46003	ENSG00000166848	TERF2IP	ENSG00000166848.7
46021	ENSG00000172824	CES4A	ENSG00000172824.16
46026	ENSG00000178573	MAF	ENSG00000178573.7
46029	ENSG00000180917	CMTR2	ENSG00000180917.17
46035	ENSG00000184517	ZFP1	ENSG00000184517.12
46093	ENSG00000237172	B3GNT9	ENSG00000237172.4
46412	ENSG00000083457	ITGAE	ENSG00000083457.12
46439	ENSG00000129910	CDH15	ENSG00000129910.8
46446	ENSG00000131165	CHMP1A	ENSG00000131165.15
46454	ENSG00000135686	KLHL36	ENSG00000135686.13
46474	ENSG00000141456	PELP1	ENSG00000141456.16
46485	ENSG00000158805	ZNF276	ENSG00000158805.12
46515	ENSG00000168418	KCNG4	ENSG00000168418.7
46524	ENSG00000174238	PITPNA	ENSG00000174238.15
46533	ENSG00000178773	CPNE7	ENSG00000178773.15
46546	ENSG00000183024	OR1G1	ENSG00000183024.3
46560	ENSG00000188176	SMTNL2	ENSG00000188176.12
46564	ENSG00000197912	SPG7	ENSG00000197912.15
46567	ENSG00000198931	APRT	ENSG00000198931.11
46747	ENSG00000262628	OR1D5	ENSG00000262628.1
46896	ENSG00000004975	DVL2	ENSG00000004975.12
46898	ENSG00000006047	YBX2	ENSG00000006047.13
46900	ENSG00000006740	ARHGAP44	ENSG00000006740.17
46905	ENSG00000011295	TTC19	ENSG00000011295.16
46911	ENSG00000072310	SREBF1	ENSG00000072310.17
46912	ENSG00000072778	ACADVL	ENSG00000072778.20
46913	ENSG00000072818	ACAP1	ENSG00000072818.12
46922	ENSG00000108515	ENO3	ENSG00000108515.17
46945	ENSG00000129194	SOX15	ENSG00000129194.8
46948	ENSG00000129204	USP6	ENSG00000129204.17
46961	ENSG00000132514	CLEC10A	ENSG00000132514.13
46986	ENSG00000141506	PIK3R5	ENSG00000141506.13
47002	ENSG00000161958	FGF11	ENSG00000161958.11
47011	ENSG00000167858	TEKT1	ENSG00000167858.13
47019	ENSG00000170175	CHRNB1	ENSG00000170175.11
47040	ENSG00000178999	AURKB	ENSG00000178999.13
47042	ENSG00000179094	PER1	ENSG00000179094.16
47048	ENSG00000179477	ALOX12B	ENSG00000179477.11
47057	ENSG00000181350	LRRC75A	ENSG00000181350.12
47070	ENSG00000184650	ODF4	ENSG00000184650.11
47080	ENSG00000196388	INCA1	ENSG00000196388.8
47084	ENSG00000198844	ARHGEF15	ENSG00000198844.12
47181	ENSG00000240505	TNFRSF13B	ENSG00000240505.9
47271	ENSG00000264424	MYH4	ENSG00000264424.1
47406	ENSG00000083290	ULK2	ENSG00000083290.20
47420	ENSG00000108641	B9D1	ENSG00000108641.17
47432	ENSG00000109118	PHF12	ENSG00000109118.14
47438	ENSG00000128482	RNF112	ENSG00000128482.16
47457	ENSG00000166484	MAPK7	ENSG00000166484.20
47473	ENSG00000176208	ATAD5	ENSG00000176208.9
47475	ENSG00000176927	EFCAB5	ENSG00000176927.15
47477	ENSG00000176994	SMCR8	ENSG00000176994.11
47499	ENSG00000196535	MYO18A	ENSG00000196535.16
47900	ENSG00000033627	ATP6V0A1	ENSG00000033627.16
47903	ENSG00000073536	NLE1	ENSG00000073536.18
47906	ENSG00000073605	GSDMB	ENSG00000073605.18
47929	ENSG00000108759	KRT32	ENSG00000108759.3
47952	ENSG00000131747	TOP2A	ENSG00000131747.15
47953	ENSG00000131748	STARD3	ENSG00000131748.16
47954	ENSG00000131759	RARA	ENSG00000131759.18
47957	ENSG00000141161	UNC45B	ENSG00000141161.11
47963	ENSG00000141736	ERBB2	ENSG00000141736.13
47964	ENSG00000141738	GRB7	ENSG00000141738.14
47965	ENSG00000141741	MIEN1	ENSG00000141741.12
47971	ENSG00000154760	SLFN13	ENSG00000154760.14
47996	ENSG00000171532	NEUROD2	ENSG00000171532.5
48012	ENSG00000178502	KLHL11	ENSG00000178502.6
48020	ENSG00000185379	RAD51D	ENSG00000185379.20
48039	ENSG00000198443	KRTAP4-1	ENSG00000198443.6
48052	ENSG00000204952	FBXO47	ENSG00000204952.3
48066	ENSG00000213417	KRTAP2-4	ENSG00000213417.3
48073	ENSG00000221852	KRTAP1-5	ENSG00000221852.5
48401	ENSG00000005243	COPZ2	ENSG00000005243.10
48419	ENSG00000064195	DLX3	ENSG00000064195.7
48420	ENSG00000064300	NGFR	ENSG00000064300.9
48428	ENSG00000087152	ATXN7L3	ENSG00000087152.15
48430	ENSG00000108309	RUNDC3A	ENSG00000108309.14
48431	ENSG00000108312	UBTF	ENSG00000108312.15
48434	ENSG00000108424	KPNB1	ENSG00000108424.10
48442	ENSG00000108799	EZH1	ENSG00000108799.13
48451	ENSG00000108830	RND2	ENSG00000108830.10
48452	ENSG00000108840	HDAC5	ENSG00000108840.15
48458	ENSG00000108883	EFTUD2	ENSG00000108883.13
48462	ENSG00000120071	KANSL1	ENSG00000120071.14
48477	ENSG00000131096	PYY	ENSG00000131096.10
48490	ENSG00000136448	NMT1	ENSG00000136448.12
48502	ENSG00000141349	G6PC3	ENSG00000141349.8
48505	ENSG00000154920	EME1	ENSG00000154920.14
48506	ENSG00000154945	ANKRD40	ENSG00000154945.7
48510	ENSG00000159182	PRAC1	ENSG00000159182.5
48546	ENSG00000173868	PHOSPHO1	ENSG00000173868.11
48565	ENSG00000184361	SPATA32	ENSG00000184361.13
48568	ENSG00000184988	TMEM106A	ENSG00000184988.8
48909	ENSG00000068097	HEATR6	ENSG00000068097.15
48918	ENSG00000108370	RGS9	ENSG00000108370.17
48923	ENSG00000108395	TRIM37	ENSG00000108395.14
48925	ENSG00000108423	TUBD1	ENSG00000108423.15
48926	ENSG00000108443	RPS6KB1	ENSG00000108443.14
48928	ENSG00000108510	MED13	ENSG00000108510.10
48934	ENSG00000108854	SMURF2	ENSG00000108854.16
48943	ENSG00000109089	CDR2L	ENSG00000109089.7
48944	ENSG00000120063	GNA13	ENSG00000120063.10
48950	ENSG00000121075	TBX4	ENSG00000121075.11
48959	ENSG00000136450	SRSF1	ENSG00000136450.13
48960	ENSG00000136451	VEZF1	ENSG00000136451.9
48961	ENSG00000136463	TACO1	ENSG00000136463.8
48964	ENSG00000136487	GH2	ENSG00000136487.18
48966	ENSG00000136490	LIMD2	ENSG00000136490.9
48967	ENSG00000136492	BRIP1	ENSG00000136492.9
48971	ENSG00000141338	ABCA8	ENSG00000141338.14
48982	ENSG00000154229	PRKCA	ENSG00000154229.12
48987	ENSG00000154265	ABCA5	ENSG00000154265.16
48997	ENSG00000167851	CD300A	ENSG00000167851.15
49003	ENSG00000170412	GPRC5C	ENSG00000170412.18
49004	ENSG00000170832	USP32	ENSG00000170832.13
49005	ENSG00000170836	PPM1D	ENSG00000170836.12
49007	ENSG00000171595	DNAI2	ENSG00000171595.14
49015	ENSG00000175155	YPEL2	ENSG00000175155.10
49064	ENSG00000204414	CSHL1	ENSG00000204414.13
49400	ENSG00000070495	JMJD6	ENSG00000070495.14
49403	ENSG00000073350	LLGL2	ENSG00000073350.13
49404	ENSG00000078687	TNRC6C	ENSG00000078687.17
49405	ENSG00000079101	CLUL1	ENSG00000079101.16
49411	ENSG00000092929	UNC13D	ENSG00000092929.11
49412	ENSG00000092931	MFSD11	ENSG00000092931.11
49415	ENSG00000101577	LPIN2	ENSG00000101577.9
49421	ENSG00000108639	SYNGR2	ENSG00000108639.7
49448	ENSG00000141526	SLC16A3	ENSG00000141526.16
49450	ENSG00000141542	RAB40B	ENSG00000141542.11
49468	ENSG00000158270	COLEC12	ENSG00000158270.12
49481	ENSG00000167881	SRP68	ENSG00000167881.15
49494	ENSG00000169750	RAC3	ENSG00000169750.9
49501	ENSG00000173818	ENDOV	ENSG00000173818.17
49509	ENSG00000176108	CHMP6	ENSG00000176108.9
49531	ENSG00000182446	NPLOC4	ENSG00000182446.14
49532	ENSG00000182459	TEX19	ENSG00000182459.5
49537	ENSG00000182687	GALR2	ENSG00000182687.4
49540	ENSG00000183077	AFMID	ENSG00000183077.15
49566	ENSG00000198081	ZBTB14	ENSG00000198081.11
49579	ENSG00000204278	TMEM235	ENSG00000204278.12
49898	ENSG00000053747	LAMA3	ENSG00000053747.16
49899	ENSG00000067900	ROCK1	ENSG00000067900.8
49901	ENSG00000088756	ARHGAP28	ENSG00000088756.12
49916	ENSG00000128791	TWSG1	ENSG00000128791.12
49926	ENSG00000134760	DSG1	ENSG00000134760.6
49931	ENSG00000141384	TAF4B	ENSG00000141384.12
49943	ENSG00000141448	GATA6	ENSG00000141448.10
49953	ENSG00000154611	PSMA8	ENSG00000154611.14
49956	ENSG00000154856	APCDD1	ENSG00000154856.13
49962	ENSG00000167088	SNRPD1	ENSG00000167088.11
49963	ENSG00000168234	TTC39C	ENSG00000168234.13
49971	ENSG00000173482	PTPRM	ENSG00000173482.16
50404	ENSG00000078142	PIK3C3	ENSG00000078142.13
50411	ENSG00000101489	CELF4	ENSG00000101489.20
50432	ENSG00000134779	TPGS2	ENSG00000134779.15
50442	ENSG00000141646	SMAD4	ENSG00000141646.14
50449	ENSG00000150636	CCDC102B	ENSG00000150636.17
50454	ENSG00000152229	PSTPIP2	ENSG00000152229.18
50467	ENSG00000166603	MC4R	ENSG00000166603.5
50477	ENSG00000171791	BCL2	ENSG00000171791.13
50485	ENSG00000176641	RNF152	ENSG00000176641.11
50492	ENSG00000184828	ZBTB7C	ENSG00000184828.10
50893	ENSG00000006638	TBXA2R	ENSG00000006638.12
50898	ENSG00000031823	RANBP3	ENSG00000031823.14
50909	ENSG00000070388	FGF22	ENSG00000070388.11
50921	ENSG00000088256	GNA11	ENSG00000088256.9
50930	ENSG00000099812	MISP	ENSG00000099812.9
50935	ENSG00000099860	GADD45B	ENSG00000099860.9
50943	ENSG00000104885	DOT1L	ENSG00000104885.18
50954	ENSG00000105251	SHD	ENSG00000105251.11
50961	ENSG00000105426	PTPRS	ENSG00000105426.16
50975	ENSG00000118046	STK11	ENSG00000118046.16
50989	ENSG00000126934	MAP2K2	ENSG00000126934.13
50990	ENSG00000127540	UQCR11	ENSG00000127540.12
50991	ENSG00000127663	KDM4B	ENSG00000127663.15
50995	ENSG00000129946	SHC2	ENSG00000129946.10
51035	ENSG00000167657	DAPK3	ENSG00000167657.14
51049	ENSG00000172000	ZNF556	ENSG00000172000.7
51051	ENSG00000172009	THOP1	ENSG00000172009.15
51057	ENSG00000174898	CATSPERD	ENSG00000174898.16
51060	ENSG00000175691	ZNF77	ENSG00000175691.9
51061	ENSG00000176490	DIRAS1	ENSG00000176490.5
51068	ENSG00000178297	TMPRSS9	ENSG00000178297.13
51069	ENSG00000178342	KCNG2	ENSG00000178342.4
51079	ENSG00000181781	ODF3L2	ENSG00000181781.9
51080	ENSG00000182087	TMEM259	ENSG00000182087.14
51094	ENSG00000196415	PRTN3	ENSG00000196415.10
51394	ENSG00000032444	PNPLA6	ENSG00000032444.16
51402	ENSG00000076662	ICAM3	ENSG00000076662.10
51404	ENSG00000076924	XAB2	ENSG00000076924.12
51409	ENSG00000080511	RDH8	ENSG00000080511.5
51423	ENSG00000102575	ACP5	ENSG00000102575.13
51425	ENSG00000104880	ARHGEF18	ENSG00000104880.18
51463	ENSG00000123143	PKN1	ENSG00000123143.12
51484	ENSG00000130159	ECSIT	ENSG00000130159.14
51497	ENSG00000130812	ANGPTL6	ENSG00000130812.10
51499	ENSG00000130816	DNMT1	ENSG00000130816.16
51500	ENSG00000130818	ZNF426	ENSG00000130818.12
51514	ENSG00000133250	ZNF414	ENSG00000133250.14
51517	ENSG00000141858	SAMD1	ENSG00000141858.12
51518	ENSG00000141867	BRD4	ENSG00000141867.17
51526	ENSG00000160877	NACC1	ENSG00000160877.6
51529	ENSG00000160961	ZNF333	ENSG00000160961.12
51539	ENSG00000167775	CD320	ENSG00000167775.11
51560	ENSG00000173928	SWSAP1	ENSG00000173928.3
51570	ENSG00000179218	CALR	ENSG00000179218.13
51599	ENSG00000188033	ZNF490	ENSG00000188033.10
51900	ENSG00000064607	SUGP2	ENSG00000064607.17
51908	ENSG00000099308	MAST3	ENSG00000099308.10
51915	ENSG00000105173	CCNE1	ENSG00000105173.14
51918	ENSG00000105639	JAK3	ENSG00000105639.19
51925	ENSG00000105650	PDE4C	ENSG00000105650.22
51931	ENSG00000105671	DDX49	ENSG00000105671.12
51936	ENSG00000105705	SUGP1	ENSG00000105705.16
51948	ENSG00000129933	MAU2	ENSG00000129933.21
51953	ENSG00000130303	BST2	ENSG00000130303.13
51972	ENSG00000141977	CIB3	ENSG00000141977.9
52003	ENSG00000184162	NR2C2AP	ENSG00000184162.14
52005	ENSG00000186010	NDUFA13	ENSG00000186010.19
52009	ENSG00000187664	HAPLN4	ENSG00000187664.9
52012	ENSG00000188171	ZNF626	ENSG00000188171.16
52081	ENSG00000256771	ZNF253	ENSG00000256771.4
52401	ENSG00000063322	MED29	ENSG00000063322.15
52405	ENSG00000077312	SNRPA	ENSG00000077312.9
52420	ENSG00000104814	MAP4K1	ENSG00000104814.13
52435	ENSG00000105221	AKT2	ENSG00000105221.18
52438	ENSG00000105245	NUMBL	ENSG00000105245.9
52447	ENSG00000105352	CEACAM4	ENSG00000105352.10
52457	ENSG00000105699	LSR	ENSG00000105699.16
52466	ENSG00000124299	PEPD	ENSG00000124299.15
52476	ENSG00000126262	FFAR2	ENSG00000126262.4
52482	ENSG00000128016	ZFP36	ENSG00000128016.7
52503	ENSG00000160396	HIPK4	ENSG00000160396.9
52518	ENSG00000167600	CYP2S1	ENSG00000167600.14
52519	ENSG00000167601	AXL	ENSG00000167601.12
52520	ENSG00000167604	NFKBID	ENSG00000167604.14
52526	ENSG00000168661	ZNF30	ENSG00000168661.14
52537	ENSG00000176396	EID2	ENSG00000176396.11
52546	ENSG00000179134	SAMD4B	ENSG00000179134.15
52548	ENSG00000179751	SYCN	ENSG00000179751.6
52579	ENSG00000189164	ZNF527	ENSG00000189164.15
52583	ENSG00000196381	ZNF781	ENSG00000196381.11
52586	ENSG00000197019	SERTAD1	ENSG00000197019.5
52593	ENSG00000197838	CYP2A13	ENSG00000197838.5
52672	ENSG00000251247	ZNF345	ENSG00000251247.11
52889	ENSG00000007047	MARK4	ENSG00000007047.15
52895	ENSG00000011478	QPCTL	ENSG00000011478.12
52918	ENSG00000086967	MYBPC2	ENSG00000086967.10
52920	ENSG00000087076	HSD17B14	ENSG00000087076.9
52942	ENSG00000104872	PIH1D1	ENSG00000104872.11
52974	ENSG00000105429	MEGF8	ENSG00000105429.13
52993	ENSG00000105723	GSK3A	ENSG00000105723.12
52999	ENSG00000117877	CD3EAP	ENSG00000117877.10
53003	ENSG00000124440	HIF3A	ENSG00000124440.15
53007	ENSG00000124466	LYPD3	ENSG00000124466.9
53016	ENSG00000125755	SYMPK	ENSG00000125755.19
53017	ENSG00000126453	BCL2L12	ENSG00000126453.9
53048	ENSG00000142235	LMTK3	ENSG00000142235.11
53049	ENSG00000142252	GEMIN7	ENSG00000142252.11
53051	ENSG00000142528	ZNF473	ENSG00000142528.16
53054	ENSG00000142538	PTH2	ENSG00000142538.2
53075	ENSG00000161671	EMC10	ENSG00000161671.16
53078	ENSG00000167378	IRGQ	ENSG00000167378.8
53081	ENSG00000167414	GNG8	ENSG00000167414.4
53095	ENSG00000176222	ZNF404	ENSG00000176222.9
53108	ENSG00000178928	TPRX1	ENSG00000178928.8
53115	ENSG00000183207	RUVBL2	ENSG00000183207.14
53116	ENSG00000183668	PSG9	ENSG00000183668.18
53120	ENSG00000186026	ZNF284	ENSG00000186026.7
53121	ENSG00000186567	CEACAM19	ENSG00000186567.13
53123	ENSG00000188293	IGFL1	ENSG00000188293.6
53127	ENSG00000188624	IGFL3	ENSG00000188624.3
53129	ENSG00000189114	BLOC1S3	ENSG00000189114.8
53132	ENSG00000196961	AP2A1	ENSG00000196961.12
53144	ENSG00000204673	AKT1S1	ENSG00000204673.10
53210	ENSG00000243137	PSG4	ENSG00000243137.8
53223	ENSG00000257704	INAFM1	ENSG00000257704.4
53394	ENSG00000088053	GP6	ENSG00000088053.11
53405	ENSG00000105379	ETFB	ENSG00000105379.9
53407	ENSG00000105492	SIGLEC6	ENSG00000105492.16
53410	ENSG00000105509	HAS1	ENSG00000105509.10
53423	ENSG00000126583	PRKCG	ENSG00000126583.11
53430	ENSG00000129991	TNNI3	ENSG00000129991.13
53447	ENSG00000142544	CTU1	ENSG00000142544.7
53475	ENSG00000167748	KLK1	ENSG00000167748.11
53477	ENSG00000167751	KLK2	ENSG00000167751.13
53484	ENSG00000169035	KLK7	ENSG00000169035.12
53488	ENSG00000170906	NDUFA3	ENSG00000170906.16
53491	ENSG00000170954	ZNF415	ENSG00000170954.11
53497	ENSG00000171487	NLRP5	ENSG00000171487.15
53505	ENSG00000179820	MYADM	ENSG00000179820.16
53520	ENSG00000186474	KLK12	ENSG00000186474.15
53528	ENSG00000189068	VSTM1	ENSG00000189068.11
53529	ENSG00000189190	ZNF600	ENSG00000189190.10
53534	ENSG00000196263	ZNF471	ENSG00000196263.8
53547	ENSG00000197937	ZNF347	ENSG00000197937.12
53548	ENSG00000197951	ZNF71	ENSG00000197951.9
53572	ENSG00000204604	ZNF468	ENSG00000204604.12
53889	ENSG00000083807	SLC27A5	ENSG00000083807.10
53897	ENSG00000088766	CRLS1	ENSG00000088766.12
53899	ENSG00000088812	ATRN	ENSG00000088812.18
53900	ENSG00000088826	SMOX	ENSG00000088826.18
53904	ENSG00000088836	SLC4A11	ENSG00000088836.14
53915	ENSG00000089057	SLC23A2	ENSG00000089057.15
53929	ENSG00000101247	NDUFAF5	ENSG00000101247.18
53931	ENSG00000101255	TRIB3	ENSG00000101255.11
53938	ENSG00000101290	CDS2	ENSG00000101290.14
53953	ENSG00000105146	AURKC	ENSG00000105146.13
53966	ENSG00000125818	PSMF1	ENSG00000125818.18
53975	ENSG00000125845	BMP2	ENSG00000125845.7
53993	ENSG00000125888	BANF2	ENSG00000125888.14
53995	ENSG00000125898	FAM110A	ENSG00000125898.13
53998	ENSG00000125901	MRPS26	ENSG00000125901.6
54008	ENSG00000132639	SNAP25	ENSG00000132639.12
54010	ENSG00000132646	PCNA	ENSG00000132646.11
54028	ENSG00000171649	ZIK1	ENSG00000171649.12
54031	ENSG00000171873	ADRA1D	ENSG00000171873.8
54037	ENSG00000176293	ZNF135	ENSG00000176293.19
54042	ENSG00000178229	ZNF543	ENSG00000178229.8
54049	ENSG00000181894	ZNF329	ENSG00000181894.15
54050	ENSG00000182318	ZSCAN22	ENSG00000182318.6
54052	ENSG00000183647	ZNF530	ENSG00000183647.10
54059	ENSG00000196209	SIRPB2	ENSG00000196209.13
54062	ENSG00000197128	ZNF772	ENSG00000197128.11
54388	ENSG00000053438	NNAT	ENSG00000053438.11
54393	ENSG00000078804	TP53INP2	ENSG00000078804.13
54411	ENSG00000100991	TRPC4AP	ENSG00000100991.12
54412	ENSG00000100994	PYGB	ENSG00000100994.12
54433	ENSG00000101363	MANBAL	ENSG00000101363.12
54439	ENSG00000101413	RPRD1B	ENSG00000101413.12
54440	ENSG00000101417	PXMP4	ENSG00000101417.12
54444	ENSG00000101438	SLC32A1	ENSG00000101438.4
54456	ENSG00000101474	APMAP	ENSG00000101474.12
54459	ENSG00000118705	RPN2	ENSG00000118705.17
54473	ENSG00000125965	GDF5	ENSG00000125965.9
54477	ENSG00000125970	RALY	ENSG00000125970.12
54485	ENSG00000125999	BPIFB1	ENSG00000125999.11
54499	ENSG00000131068	DEFB118	ENSG00000131068.4
54503	ENSG00000132669	RIN2	ENSG00000132669.13
54525	ENSG00000170373	CST1	ENSG00000170373.8
54546	ENSG00000185052	SLC24A3	ENSG00000185052.12
54551	ENSG00000197122	SRC	ENSG00000197122.11
54554	ENSG00000198183	BPIFA1	ENSG00000198183.12
54613	ENSG00000215545	DEFB116	ENSG00000215545.1
54891	ENSG00000026559	KCNG1	ENSG00000026559.14
54894	ENSG00000054796	SPO11	ENSG00000054796.13
54905	ENSG00000087586	AURKA	ENSG00000087586.17
54912	ENSG00000101049	SGK2	ENSG00000101049.17
54915	ENSG00000101074	R3HDML	ENSG00000101074.4
54917	ENSG00000101096	NFATC2	ENSG00000101096.20
54918	ENSG00000101098	RIMS4	ENSG00000101098.12
54920	ENSG00000101109	STK4	ENSG00000101109.12
54937	ENSG00000101189	MRGBP	ENSG00000101189.7
54946	ENSG00000124092	CTCFL	ENSG00000124092.12
54948	ENSG00000124098	FAM210B	ENSG00000124098.10
54951	ENSG00000124104	SNX21	ENSG00000124104.19
54954	ENSG00000124120	TTPAL	ENSG00000124120.11
54958	ENSG00000124145	SDC4	ENSG00000124145.6
54970	ENSG00000124193	SRSF6	ENSG00000124193.16
54977	ENSG00000124207	CSE1L	ENSG00000124207.17
55001	ENSG00000130700	GATA5	ENSG00000130700.7
55021	ENSG00000158445	KCNB1	ENSG00000158445.10
55036	ENSG00000172315	TP53RK	ENSG00000172315.6
55037	ENSG00000174306	ZHX3	ENSG00000174306.21
55040	ENSG00000175063	UBE2C	ENSG00000175063.17
55048	ENSG00000180305	WFDC10A	ENSG00000180305.5
55050	ENSG00000182931	WFDC10B	ENSG00000182931.9
55061	ENSG00000196839	ADA	ENSG00000196839.13
55069	ENSG00000198900	TOP1	ENSG00000198900.6
55397	ENSG00000101199	ARFGAP1	ENSG00000101199.13
55408	ENSG00000125522	NPBWR2	ENSG00000125522.3
55410	ENSG00000125533	BHLHE23	ENSG00000125533.6
55412	ENSG00000130584	ZBTB46	ENSG00000130584.11
55415	ENSG00000142192	APP	ENSG00000142192.21
55436	ENSG00000156256	USP16	ENSG00000156256.15
55446	ENSG00000171695	LKAAEAR1	ENSG00000171695.10
55886	ENSG00000141959	PFKL	ENSG00000141959.17
55887	ENSG00000142149	HUNK	ENSG00000142149.9
55895	ENSG00000142188	TMEM50B	ENSG00000142188.17
55901	ENSG00000157540	DYRK1A	ENSG00000157540.21
55923	ENSG00000159231	CBR3	ENSG00000159231.6
55930	ENSG00000160180	TFF3	ENSG00000160180.15
55932	ENSG00000160182	TFF1	ENSG00000160182.3
55937	ENSG00000160191	PDE9A	ENSG00000160191.18
55948	ENSG00000160213	CSTB	ENSG00000160213.7
55957	ENSG00000160255	ITGB2	ENSG00000160255.18
55979	ENSG00000182362	YBEY	ENSG00000182362.14
55981	ENSG00000182591	KRTAP11-1	ENSG00000182591.6
55990	ENSG00000183255	PTTG1IP	ENSG00000183255.12
55993	ENSG00000183527	PSMG1	ENSG00000183527.12
56002	ENSG00000184221	OLIG1	ENSG00000184221.13
56018	ENSG00000186924	KRTAP22-1	ENSG00000186924.3
56020	ENSG00000186930	KRTAP6-2	ENSG00000186930.4
56058	ENSG00000206105	KRTAP20-4	ENSG00000206105.2
56060	ENSG00000206107	KRTAP27-1	ENSG00000206107.2
56272	ENSG00000240432	KRTAP13-3	ENSG00000240432.3
56383	ENSG00000015475	BID	ENSG00000015475.18
56394	ENSG00000099889	ARVCF	ENSG00000099889.14
56406	ENSG00000099956	SMARCB1	ENSG00000099956.19
56413	ENSG00000100030	MAPK1	ENSG00000100030.14
56418	ENSG00000100075	SLC25A1	ENSG00000100075.10
56440	ENSG00000161180	CCDC116	ENSG00000161180.11
56451	ENSG00000182902	SLC25A18	ENSG00000182902.14
56468	ENSG00000185608	MRPL40	ENSG00000185608.8
56469	ENSG00000185651	UBE2L3	ENSG00000185651.14
56473	ENSG00000186716	BCR	ENSG00000186716.21
56478	ENSG00000189269	DRICH1	ENSG00000189269.12
56494	ENSG00000206203	TSSK2	ENSG00000206203.5
56889	ENSG00000099995	SF3A1	ENSG00000099995.19
56911	ENSG00000100095	SEZ6L	ENSG00000100095.19
56921	ENSG00000100122	CRYBB1	ENSG00000100122.7
56943	ENSG00000100226	GTPBP1	ENSG00000100226.16
56947	ENSG00000100263	RHBDD3	ENSG00000100263.14
56952	ENSG00000100285	NEFH	ENSG00000100285.10
56956	ENSG00000100302	RASD2	ENSG00000100302.7
56960	ENSG00000100325	ASCC2	ENSG00000100325.15
56971	ENSG00000100368	CSF2RB	ENSG00000100368.14
56975	ENSG00000128242	GAL3ST1	ENSG00000128242.13
56978	ENSG00000128253	RFPL2	ENSG00000128253.15
56995	ENSG00000133422	MORC2	ENSG00000133422.13
56998	ENSG00000133454	MYO18B	ENSG00000133454.15
57416	ENSG00000100227	POLDIP3	ENSG00000100227.18
57449	ENSG00000100376	FAM118A	ENSG00000100376.12
57462	ENSG00000100418	DESI1	ENSG00000100418.8
57481	ENSG00000128285	MCHR1	ENSG00000128285.4
57495	ENSG00000146938	NLGN4X	ENSG00000146938.16
57498	ENSG00000159307	SCUBE1	ENSG00000159307.19
57514	ENSG00000172346	CSDC2	ENSG00000172346.15
57536	ENSG00000183066	WBP2NL	ENSG00000183066.14
57537	ENSG00000183172	SMDT1	ENSG00000183172.9
57550	ENSG00000185386	MAPK11	ENSG00000185386.15
57564	ENSG00000188677	PARVB	ENSG00000188677.14
57577	ENSG00000198355	PIM3	ENSG00000198355.5
57926	ENSG00000047230	CTPS2	ENSG00000047230.15
57931	ENSG00000069509	FUNDC1	ENSG00000069509.6
57934	ENSG00000086712	TXLNG	ENSG00000086712.13
57944	ENSG00000102010	BMX	ENSG00000102010.15
57966	ENSG00000126010	GRPR	ENSG00000126010.6
57968	ENSG00000126759	CFP	ENSG00000126759.13
57969	ENSG00000126767	ELK1	ENSG00000126767.18
57978	ENSG00000131831	RAI2	ENSG00000131831.18
57986	ENSG00000147050	KDM6A	ENSG00000147050.14
57988	ENSG00000147117	ZNF157	ENSG00000147117.7
57991	ENSG00000147121	KRBOX4	ENSG00000147121.16
58018	ENSG00000171657	GPR82	ENSG00000171657.6
58023	ENSG00000174010	KLHL15	ENSG00000174010.9
58027	ENSG00000176746	MAGEB6	ENSG00000176746.6
58031	ENSG00000177189	RPS6KA3	ENSG00000177189.14
58037	ENSG00000181544	FANCB	ENSG00000181544.15
58042	ENSG00000183337	BCOR	ENSG00000183337.17
58047	ENSG00000185448	FAM47A	ENSG00000185448.10
58050	ENSG00000185915	KLHL34	ENSG00000185915.5
58074	ENSG00000198798	MAGEB3	ENSG00000198798.5
58182	ENSG00000226372	DCAF8L1	ENSG00000226372.4
58439	ENSG00000094631	HDAC6	ENSG00000094631.21
58449	ENSG00000102057	KCND1	ENSG00000102057.10
58452	ENSG00000102103	PQBP1	ENSG00000102103.16
58460	ENSG00000102317	RBM3	ENSG00000102317.18
58462	ENSG00000120498	TEX11	ENSG00000120498.13
58467	ENSG00000125931	CITED1	ENSG00000125931.11
58472	ENSG00000130052	STARD8	ENSG00000130052.13
58476	ENSG00000130385	BMP15	ENSG00000130385.6
58482	ENSG00000147081	AKAP4	ENSG00000147081.15
58484	ENSG00000147099	HDAC8	ENSG00000147099.21
58499	ENSG00000155659	VSIG4	ENSG00000155659.15
58502	ENSG00000158423	RIBC1	ENSG00000158423.17
58507	ENSG00000158813	EDA	ENSG00000158813.18
58509	ENSG00000165584	SSX3	ENSG00000165584.16
58511	ENSG00000169083	AR	ENSG00000169083.17
58514	ENSG00000169562	GJB1	ENSG00000169562.12
58515	ENSG00000171365	CLCN5	ENSG00000171365.17
58525	ENSG00000181704	YIPF6	ENSG00000181704.12
58545	ENSG00000186810	CXCR3	ENSG00000186810.8
58570	ENSG00000198881	ASB12	ENSG00000198881.10
58589	ENSG00000204271	SPIN3	ENSG00000204271.13
58929	ENSG00000010671	BTK	ENSG00000010671.15
58945	ENSG00000101811	CSTF2	ENSG00000101811.13
58956	ENSG00000102144	PGK1	ENSG00000102144.15
58958	ENSG00000102271	KLHL4	ENSG00000102271.14
58978	ENSG00000123576	ESX1	ENSG00000123576.5
58983	ENSG00000126945	HNRNPH2	ENSG00000126945.9
58990	ENSG00000131263	RLIM	ENSG00000131263.13
59001	ENSG00000147138	GPR174	ENSG00000147138.2
59006	ENSG00000147206	NXF3	ENSG00000147206.17
59012	ENSG00000155008	APOOL	ENSG00000155008.14
59021	ENSG00000165240	ATP7A	ENSG00000165240.20
59022	ENSG00000165259	HDX	ENSG00000165259.14
59044	ENSG00000180964	TCEAL8	ENSG00000180964.17
59047	ENSG00000182508	LHFPL1	ENSG00000182508.14
59057	ENSG00000186310	NAP1L3	ENSG00000186310.10
59063	ENSG00000188419	CHM	ENSG00000188419.14
59078	ENSG00000198934	MAGEE1	ENSG00000198934.5
59433	ENSG00000076716	GPC4	ENSG00000076716.9
59436	ENSG00000077721	UBE2A	ENSG00000077721.16
59443	ENSG00000101966	XIAP	ENSG00000101966.12
59445	ENSG00000101974	ATP11C	ENSG00000101974.14
59446	ENSG00000101977	MCF2	ENSG00000101977.21
59460	ENSG00000123165	ACTRT1	ENSG00000123165.8
59467	ENSG00000125356	NDUFA1	ENSG00000125356.7
59491	ENSG00000156500	FAM122C	ENSG00000156500.15
59524	ENSG00000182195	LDOC1	ENSG00000182195.9
59525	ENSG00000182890	GLUD2	ENSG00000182890.5
59925	ENSG00000011677	GABRA3	ENSG00000011677.13
59931	ENSG00000067646	ZFY	ENSG00000067646.12
59948	ENSG00000102119	EMD	ENSG00000102119.11
59951	ENSG00000102181	CD99L2	ENSG00000102181.21
59952	ENSG00000102195	GPR50	ENSG00000102195.10
59966	ENSG00000130032	PRRG3	ENSG00000130032.16
59968	ENSG00000130822	PNCK	ENSG00000130822.15
59988	ENSG00000160219	GAB3	ENSG00000160219.12
60019	ENSG00000184216	IRAK1	ENSG00000184216.14
60042	ENSG00000198681	MAGEA1	ENSG00000198681.7
60046	ENSG00000198930	CSAG1	ENSG00000198930.13
60051	ENSG00000203879	GDI1	ENSG00000203879.12
60413	ENSG00000165246	NLGN4Y	ENSG00000165246.14
60465	ENSG00000198888	MT-ND1	ENSG00000198888.2
